,공연/전시구분,장르,공연/전시명,기간,장소
0,전시장,,제 67회 창작미술협회전,2022-09-04 ~ 2022-09-14,한가람미술관
1,전시장,,제8회 대한민국국제포토페스티벌,2022-09-09 ~ 2022-09-15,한가람미술관
2,전시장,,현대한국화협회41주년대작전,2022-09-17 ~ 2022-09-27,한가람미술관
3,전시장,,3인3색전,2022-09-18 ~ 2022-09-27,한가람미술관
4,전시장,,2022 브리즈 아트페어,2022-09-30 ~ 2022-10-08,한가람미술관
5,전시장,,오픈스튜디오 아트페스타 <그림의 탄생>전,2022-10-01 ~ 2022-10-08,한가람미술관
6,전시장,,"알버트 왓슨: 사진, 아이콘이 되다 展",2022-12-01 ~ 2023-04-02,한가람미술관
7,전시장,,디즈니 창립 100주년 특별기념전시 미키마우스 클럽하우스,2022-12-10 ~ 2023-04-09,한가람미술관
8,전시장,,뉴호라이즌,2022-12-15 ~ 2023-03-25,한가람미술관
9,전시장,미술,게티이미지사진전,2021-12-22 ~ 2022-03-27,한가람미술관 제1전시실
10,전시장,미술,영국 현대미술의 거장 : 마이클 크레이그 마틴展,2022-04-08 ~ 2022-08-28,한가람미술관 제1전시실
11,전시장,,조정숙 화백 유작전,2022-09-04 ~ 2022-09-14,한가람미술관 제1전시실
12,전시장,미술,앙리 마티스 특별전,2021-12-21 ~ 2022-04-10,한가람미술관 제3전시실
13,전시장,미술,앤서니 브라운의 원더랜드 뮤지엄展,2022-04-28 ~ 2022-08-31,한가람미술관 제3전시실
14,전시장,미술,달리에서 마그리트까지:보이만스 판뵈닝언 박물관 걸작전,2021-11-27 ~ 2022-04-24,한가람미술관 제5전시실
15,전시장,미술,앙리 카르티에 브레송 특별전: 결정적 순간,2022-06-10 ~ 2022-10-02,한가람미술관 제5전시실
16,전시장,,이동협展. 이씨산수16. 서울,2022-11-06 ~ 2022-11-18,한가람디자인미술관
17,전시장,,<XYZ: 공간좌표> 선정 전시,2022-12-13 ~ 2023-02-03,한가람디자인미술관
18,전시장,,앙드레 브라질리에,2022-12-16 ~ 2023-04-02,한가람디자인미술관
19,전시장,디자인,내맘쏙 : 모두의 그림책 전,2021-12-24 ~ 2022-03-27,한가람디자인미술관 제1전시실
20,전시장,,소목장 박명배 목가구전,2022-04-02 ~ 2022-04-12,한가람디자인미술관 제1전시실
21,전시장,미술,"컬러 픽쳐스, 마일즈 알드리지 사진전 2000-2022",2022-05-04 ~ 2022-08-28,한가람디자인미술관 제1전시실
22,전시장,미술,영원의 시작 : ZERO,2022-09-07 ~ 2022-10-02,한가람디자인미술관 제1전시실
23,전시장,디자인,디자인아트페어 2022,2022-04-16 ~ 2022-04-24,한가람디자인미술관 제2전시실
24,전시장,디자인,쓰이지만 쓰이지않는,2022-04-02 ~ 2022-04-10,한가람디자인미술관 제3전시실
25,전시장,미술,최서윤개인전,2022-04-15 ~ 2022-04-24,한가람디자인미술관 제3전시실
26,전시장,,이진호 나전칠기전,2022-09-16 ~ 2022-09-24,서울서예박물관
27,전시장,,한중30인서예가전,2022-10-01 ~ 2022-10-13,서울서예박물관
28,전시장,,제23회 대한민국문인화대전,2022-10-16 ~ 2022-10-25,서울서예박물관
29,전시장,,"2022, 아시안 캘리그라피 축제 -천상문자전Ⅱ-",2022-10-28 ~ 2022-11-05,서울서예박물관
30,전시장,,2022년도초대작가전,2022-11-09 ~ 2022-11-17,서울서예박물관
31,전시장,,한국서가협회초대작가전,2022-11-20 ~ 2022-11-29,서울서예박물관
32,전시장,,제30회 대한민국서예전람회(현대부문),2022-11-20 ~ 2022-11-29,서울서예박물관
33,전시장,,이집트 발견의 땅,2022-12-10 ~ 2023-03-26,서울서예박물관
34,전시장,미술,ACEP2022 한국 발달장애 아티스트 특별초대전,2022-01-08 ~ 2022-01-23,서울서예박물관 현대전시실 1 (2층)
35,전시장,,[유연홍 개인전] 숲속의 향기,2022-03-18 ~ 2022-03-27,서울서예박물관 현대전시실 1 (2층)
36,전시장,서예,쓰지 않은 글씨,2022-02-15 ~ 2022-03-13,서울서예박물관 현대전시실 2 (2층)
37,전시장,미술,글꼴의 링크 - 브터,2022-03-18 ~ 2022-03-27,서울서예박물관 현대전시실 3 (2층)
38,전시장,,김준권-산의 노래,2022-04-15 ~ 2022-05-08,서울서예박물관 실험전시실 (2층)
39,전시장,서예,제30회대한민국서예전람회,2022-05-11 ~ 2022-05-27,서울서예박물관 실험전시실 (2층)
40,전시장,서예,제28회대한민국서도대전,2022-06-04 ~ 2022-06-12,서울서예박물관 실험전시실 (2층)
41,전시장,미술,낯선 만남,2022-08-26 ~ 2022-09-25,서울서예박물관 실험전시실 (2층)
42,전시장,미술,통영나전칠기 이진호전,2022-03-19 ~ 2022-03-30,서울서예박물관 상설전시실 (3층)
43,전시장,미술,중광 서거 20주기 기념 특별전,2022-04-15 ~ 2022-06-01,서울서예박물관 상설전시실 (3층)
44,전시장,미술,"홀 어스 트럭 스토어 2022: 가구, 오래 쓰는 물건",2022-08-26 ~ 2022-09-11,한가람미술관 제7전시실
45,전시장,미술,"홀 어스 트럭 스토어 2022: 소품, 다시 쓰는 물건",2022-09-16 ~ 2022-10-02,한가람미술관 제7전시실
46,전시장,,2022대한민국미술대전 서예문인화 초대작가전,2022-06-16 ~ 2022-06-25,서울서예박물관 현대전시실 (2층)
0,전시장,미술,카게에 거장 후지시로 세이지 빛과 그림자의 판타지 전,2021-06-10 ~ 2021-10-24,한가람미술관
1,전시장,,2021 브리즈 아트페어,2021-09-02 ~ 2021-09-05,한가람미술관
2,전시장,,빌라다르 2021,2021-09-09 ~ 2021-09-17,한가람미술관
3,전시장,미술,제 55회 한국미술협회전,2021-09-09 ~ 2021-09-17,한가람미술관
4,전시장,,SEEA 2021,2021-10-01 ~ 2021-10-09,한가람미술관
5,전시장,미술,현대한국화협회40주년기념대작전,2021-10-08 ~ 2021-10-16,한가람미술관
6,전시장,미술,창립86주년 후소회 50회 정기전,2021-10-20 ~ 2021-10-28,한가람미술관
7,전시장,미술,민화의 비상(飛上),2021-10-20 ~ 2021-10-28,한가람미술관
8,전시장,미술,김성수 한국현대옻칠회화전,2021-10-20 ~ 2021-10-28,한가람미술관
9,전시장,미술,2021마니프서울국제아트페어,2021-10-31 ~ 2021-11-13,한가람미술관
10,전시장,미술,2021목우미술축전,2021-11-18 ~ 2021-11-25,한가람미술관
11,전시장,미술,제10회 서울국제조각페스타2021,2021-11-30 ~ 2021-12-07,한가람미술관
12,전시장,미술,소목장 박명배와 그의 제자전,2021-12-11 ~ 2021-12-19,한가람미술관
13,전시장,미술,로즈 와일리展,2020-12-04 ~ 2021-03-28,한가람미술관 제1전시실
14,전시장,,제18회 서초미술협회전,2021-04-09 ~ 2021-04-17,한가람미술관 제1전시실
15,전시장,미술,피카소 탄생 140주년 특별전,2021-04-30 ~ 2021-08-29,한가람미술관 제1전시실
16,전시장,미술,정비파 목판화전,2021-09-25 ~ 2021-10-05,한가람미술관 제1전시실
17,전시장,미술,게티이미지사진전,2021-12-22 ~ 2022-03-27,한가람미술관 제1전시실
18,전시장,,정형렬 개인전,2021-01-09 ~ 2021-01-20,한가람미술관 제3전시실
19,전시장,미술,잊어버린 것을 보다.,2021-05-13 ~ 2021-05-21,한가람미술관 제3전시실
20,전시장,미술,제 66 회 창작미술협회전,2021-05-25 ~ 2021-06-02,한가람미술관 제3전시실
21,전시장,미술,앙리 마티스 특별전,2021-12-21 ~ 2022-04-10,한가람미술관 제3전시실
22,전시장,,데이비드 자민展,2021-01-05 ~ 2021-02-14,한가람미술관 제4전시실
23,전시장,,도자기명장 서광수 60주년 기념전,2021-05-25 ~ 2021-06-02,한가람미술관 제4전시실
24,전시장,,유에민쥔(岳敏君) 한 시대를 웃다!,2020-11-20 ~ 2021-05-09,한가람미술관 제5전시실
25,전시장,미술,달리에서 마그리트까지:보이만스 판뵈닝언 박물관 걸작전,2021-11-27 ~ 2022-04-24,한가람미술관 제5전시실
26,전시장,,퓰리처상 사진전 - SHOOTING THE PULITZER,2020-12-25 ~ 2021-02-28,한가람디자인미술관
27,전시장,디자인,L'Estro 한글,2021-03-16 ~ 2021-03-25,한가람디자인미술관
28,전시장,디자인,내일의 예술展,2021-03-31 ~ 2021-04-18,한가람디자인미술관
29,전시장,,빛의 조형성에 관한 연구,2021-04-30 ~ 2021-05-09,한가람디자인미술관
30,전시장,디자인,정재훈 목가구展,2021-05-12 ~ 2021-05-20,한가람디자인미술관
31,전시장,미술,박소형 개인전,2021-05-25 ~ 2021-06-01,한가람디자인미술관
32,전시장,,이동협展. 이씨산수14. 북한산,2021-06-03 ~ 2021-06-16,한가람디자인미술관
33,전시장,미술,여전히 희망,2021-06-06 ~ 2021-06-15,한가람디자인미술관
34,전시장,디자인,불가리 컬러 전시회,2021-07-20 ~ 2021-09-15,한가람디자인미술관
35,전시장,미술,2021 예술의전당 가을예술장터,2021-10-15 ~ 2021-10-24,한가람디자인미술관
36,전시장,미술,매니폴드: 사용법,2021-11-02 ~ 2021-11-17,한가람디자인미술관
37,전시장,미술,2021 예술의전당 청년작가 특별전 - 마스커레이드展,2021-11-27 ~ 2021-12-12,한가람디자인미술관
38,전시장,디자인,내맘쏙 : 모두의 그림책 전,2021-12-24 ~ 2022-03-27,한가람디자인미술관 제1전시실
39,전시장,,ㄱ의 순간,2020-11-12 ~ 2021-02-28,서울서예박물관
40,전시장,,가남 서예 작품전,2021-05-04 ~ 2021-05-12,서울서예박물관
41,전시장,미술,"신비로운 블록버스터 판화의 세계 : 나무, 그림이 되다",2021-05-04 ~ 2021-05-30,서울서예박물관
42,전시장,서예,제33회 대한민국서예대전,2021-06-11 ~ 2021-06-27,서울서예박물관
43,전시장,서예,제29회대한민국서예전람회,2021-06-29 ~ 2021-07-08,서울서예박물관
44,전시장,,제27회 대한민국서도대전,2021-07-21 ~ 2021-07-28,서울서예박물관
45,전시장,서예,제18회한중일대한민국동양서예대전,2021-07-30 ~ 2021-08-08,서울서예박물관
46,전시장,서예,제22회 대한민국문인화대전,2021-08-10 ~ 2021-08-18,서울서예박물관
47,전시장,서예,대한민국 전통예술 전승축제,2021-08-21 ~ 2021-08-29,서울서예박물관
48,전시장,서예,광개토대왕비전 - 필혼을 깨우다,2021-09-03 ~ 2021-10-30,서울서예박물관
49,전시장,서예,2021 서예 초대작가전,2021-11-03 ~ 2021-11-10,서울서예박물관
50,전시장,디자인,아시아 그래픽 트리엔날레2021,2021-11-06 ~ 2021-11-13,서울서예박물관
51,전시장,서예,2021 한중서예순회전,2021-11-12 ~ 2021-11-21,서울서예박물관
52,전시장,서예,2021 한국서도초대작가전,2021-11-24 ~ 2021-12-01,서울서예박물관
53,전시장,,"서당문화 시(詩),서(書),성(聲)특별전",2021-11-30 ~ 2021-12-11,서울서예박물관
54,전시장,서예,A dream of 10 years.,2021-12-09 ~ 2021-12-19,서울서예박물관
55,전시장,서예,"2021,아시안캘리그라피축제",2021-12-23 ~ 2021-12-31,서울서예박물관 현대전시실 2 (2층)
56,전시장,미술,서태지의 lyrics 아래로 구혜선의 newage,2021-03-20 ~ 2021-03-28,한가람미술관 제7전시실
57,전시장,디자인,제12회 디자인아트페어2021,2021-05-13 ~ 2021-06-05,한가람미술관 제7전시실
58,전시장,미술,"김민기 트리뷰트, 아침이슬 50주년 기념 전시",2021-06-10 ~ 2021-06-23,한가람미술관 제7전시실
59,전시장,디자인,윌리엄 웨그만_비잉 휴먼,2021-07-08 ~ 2021-10-22,한가람미술관 제7전시실
60,전시장,디자인,메타갤러리 쇼케이스,2021-11-20 ~ 2021-12-05,한가람미술관 제7전시실
0,전시장,,장완 회고전,2019-12-27 ~ 2020-01-04,한가람미술관
1,전시장,,2019 KPAM 대한민국미술제,2019-12-27 ~ 2020-01-01,한가람미술관
2,전시장,,이희자 회고전,2019-12-27 ~ 2020-01-04,한가람미술관
3,전시장,미술,툴루즈 로트렉 展,2020-01-14 ~ 2020-05-16,한가람미술관
4,전시장,미술,모네에서 세잔까지: 예루살렘 이스라엘 박물관 인상파 걸작展,2020-01-17 ~ 2020-05-13,한가람미술관
5,전시장,미술,"카스틸리오니,이탈리아 디자인의 거장",2020-01-17 ~ 2020-04-26,한가람미술관
6,전시장,미술,볼로냐 일러스트 원화전 2019,2020-02-06 ~ 2020-04-23,한가람미술관
7,전시장,,2020 제8회 SMAF서울현대미술페스타,2020-05-08 ~ 2020-05-16,한가람미술관
8,전시장,,에이앤씨 아트페스티벌,2020-05-21 ~ 2020-05-26,한가람미술관
9,전시장,,솔루션,2020-05-21 ~ 2020-06-11,한가람미술관
10,전시장,,툴루즈 로트렉 展,2020-06-06 ~ 2020-09-13,한가람미술관
11,전시장,,모네에서 세잔까지,2020-06-20 ~ 2020-08-30,한가람미술관
12,전시장,미술,My Dear 피노키오展,2020-06-26 ~ 2020-11-01,한가람미술관
13,전시장,,퀘이 형제: 도미토리움으로의 초대展,2020-06-27 ~ 2020-10-18,한가람미술관
14,전시장,,ACEP2020,2020-09-12 ~ 2020-09-27,한가람미술관
15,전시장,,2020 장애인 창작 아트페어,2020-09-22 ~ 2020-09-26,한가람미술관
16,전시장,,Parallel World,2020-10-01 ~ 2020-10-07,한가람미술관
17,전시장,,2020 목우미술축전,2020-11-18 ~ 2020-11-25,한가람미술관
18,전시장,,보는 것과 보여지는 것,2020-11-29 ~ 2020-12-09,한가람미술관
19,전시장,,안토니오 스퀴치아리니 [50년의 꿈] 기념전,2020-12-12 ~ 2020-12-20,한가람미술관
20,전시장,,사람은 무엇으로 사는가,2020-12-13 ~ 2020-12-23,한가람미술관
21,전시장,미술,제4회 서울 뷰티인그레이스 아트페어,2020-12-23 ~ 2020-12-30,한가람미술관
22,전시장,미술,로즈 와일리展,2020-12-04 ~ 2021-03-28,한가람미술관 제1전시실
23,전시장,,유에민쥔(岳敏君) 한 시대를 웃다!,2020-11-20 ~ 2021-05-09,한가람미술관 제5전시실
24,전시장,미술,매그넘 인 파리,2019-09-25 ~ 2020-02-09,한가람디자인미술관
25,전시장,,"차정숙, 이혜순, 이상훈 3인전 - 뷰티인그레이스",2020-02-15 ~ 2020-02-26,한가람디자인미술관
26,전시장,,"서숙양, 정일진, 최안순 3인전 - 뷰티인그레이스",2020-02-15 ~ 2020-02-26,한가람디자인미술관
27,전시장,,박소형 개인전,2020-02-18 ~ 2020-02-25,한가람디자인미술관
28,전시장,,"도시, 생태학적 풍경",2020-02-28 ~ 2020-03-07,한가람디자인미술관
29,전시장,,무아지송,2020-02-28 ~ 2020-03-08,한가람디자인미술관
30,전시장,,빛의 꿈 - 김인중 화업 60년 회고전,2020-03-18 ~ 2020-04-04,한가람디자인미술관
31,전시장,,박하나 개인전,2020-03-22 ~ 2020-03-31,한가람디자인미술관
32,전시장,,보석디자이너 김정희개인전[시간을 거스르는 아름다운전설전],2020-03-28 ~ 2020-04-05,한가람디자인미술관
33,전시장,,약산컨템포라리 아트쇼,2020-04-03 ~ 2020-04-12,한가람디자인미술관
34,전시장,,캘리인문학,2020-04-15 ~ 2020-04-23,한가람디자인미술관
35,전시장,,Reflecting Luminous Skin,2020-04-16 ~ 2020-04-23,한가람디자인미술관
36,전시장,,"칸(間, square)",2020-04-25 ~ 2020-05-05,한가람디자인미술관
37,전시장,,제12회 작가스튜디오 작가전,2020-04-26 ~ 2020-05-05,한가람디자인미술관
38,전시장,,제7회 대한민국국제포토페스티벌,2020-05-17 ~ 2020-05-23,한가람디자인미술관
39,전시장,,제11회 디자인아트페어 2020,2020-05-29 ~ 2020-06-20,한가람디자인미술관
40,전시장,미술,퓰리처상 사진展,2020-07-01 ~ 2020-11-15,한가람디자인미술관
41,전시장,,붓전,2020-10-22 ~ 2020-11-01,한가람디자인미술관
42,전시장,,최경미 금속조형전,2020-11-04 ~ 2020-11-15,한가람디자인미술관
43,전시장,,2020년 예술의전당 가을 예술장터,2020-11-21 ~ 2020-11-28,한가람디자인미술관
44,전시장,,쉼,2020-12-02 ~ 2020-12-10,한가람디자인미술관
45,전시장,,자연: 동해와 독도,2020-12-02 ~ 2020-12-19,한가람디자인미술관
46,전시장,,퓰리처상 사진전 - SHOOTING THE PULITZER,2020-12-25 ~ 2021-02-28,한가람디자인미술관
47,전시장,,조선 · 근대 서화전,2019-12-21 ~ 2020-03-15,서울서예박물관
48,전시장,,추사 김정희와 청조문인의 대화,2020-01-18 ~ 2020-03-15,서울서예박물관
49,전시장,,한국근대서예명가전,2020-06-20 ~ 2020-08-16,서울서예박물관
50,전시장,,영감중국-그림 너머 그림,2020-08-25 ~ 2020-10-22,서울서예박물관
51,전시장,,ㄱ의 순간,2020-11-12 ~ 2021-02-28,서울서예박물관
0,전시장,,이매진 _ 존 레논 展,2018-12-06 ~ 2019-03-10,한가람미술관
1,전시장,미술,행복을 그리는 화가 - 에바알머슨전,2018-12-07 ~ 2019-03-31,한가람미술관
2,전시장,,제2회 서울 뷰티인그레이스 글로벌 아트페어,2018-12-25 ~ 2019-01-01,한가람미술관
3,전시장,,피카소와 큐비즘,2018-12-28 ~ 2019-03-31,한가람미술관
4,전시장,,제7회 김철규 개인전,2019-01-03 ~ 2019-01-10,한가람미술관
5,전시장,,박종용 개인전,2019-01-19 ~ 2019-01-27,한가람미술관
6,전시장,,이동협展. 李氏山水12. 서울3,2019-01-30 ~ 2019-02-10,한가람미술관
7,전시장,,제3회 서울 뷰티인그레이스 아트페어,2019-02-11 ~ 2019-02-17,한가람미술관
8,전시장,,허회태 개인전,2019-02-19 ~ 2019-02-27,한가람미술관
9,전시장,,2019 한국미술응원프로젝트展,2019-03-02 ~ 2019-03-09,한가람미술관
10,전시장,,2019 제11회 예술의전당 작가스튜디오展,2019-03-11 ~ 2019-03-20,한가람미술관
11,전시장,,M.Chat 고양이,2019-03-16 ~ 2019-05-13,한가람미술관
12,전시장,,2018 예술의전당 미술영재 아카데미 작품평가전,2019-03-23 ~ 2019-03-30,한가람미술관
13,전시장,,희망,2019-04-02 ~ 2019-04-09,한가람미술관
14,전시장,,제3회 한국교직원미술대전,2019-04-06 ~ 2019-04-12,한가람미술관
15,전시장,,김정아전,2019-04-12 ~ 2019-04-20,한가람미술관
16,전시장,,제7회 SMAF서울현대미술페스타,2019-04-15 ~ 2019-04-22,한가람미술관
17,전시장,,김근태 들꽃처럼 별들처럼 展,2019-04-15 ~ 2019-04-21,한가람미술관
18,전시장,,통영나전칠기전,2019-04-21 ~ 2019-04-28,한가람미술관
19,전시장,,신기회 K-skaf 전,2019-04-25 ~ 2019-05-03,한가람미술관
20,전시장,,제 10회 디자인아트페어,2019-04-25 ~ 2019-05-04,한가람미술관
21,전시장,,우관진 개인전,2019-05-02 ~ 2019-05-09,한가람미술관
22,전시장,,2019년 홍미연 아트페스티발,2019-05-06 ~ 2019-05-13,한가람미술관
23,전시장,,이영묵 개인전,2019-05-07 ~ 2019-05-14,한가람미술관
24,전시장,,달항아리 노.래.하.다,2019-05-07 ~ 2019-05-15,한가람미술관
25,전시장,,소목장 박명배와 그의 제자전,2019-05-12 ~ 2019-05-19,한가람미술관
26,전시장,,2019 국토해양환경미술대전,2019-05-16 ~ 2019-05-22,한가람미술관
27,전시장,,서울아카데미,2019-05-17 ~ 2019-05-22,한가람미술관
28,전시장,,영월에 가면 박물관이 보인다.,2019-05-23 ~ 2019-05-30,한가람미술관
29,전시장,,제38회 현대한국화협회 대작전,2019-05-25 ~ 2019-06-02,한가람미술관
30,전시장,,국제섬유아트페어,2019-05-25 ~ 2019-05-31,한가람미술관
31,전시장,,에릭 요한슨 사진전:Impossible is Possible,2019-06-05 ~ 2019-09-15,한가람미술관
32,전시장,,임철순 교수 정년퇴임기념전,2019-06-05 ~ 2019-06-13,한가람미술관
33,전시장,,그리스 보물전,2019-06-05 ~ 2019-09-15,한가람미술관
34,전시장,미술,나는 광대다_베르나르 뷔페전: 천재의 캔버스,2019-06-08 ~ 2019-09-15,한가람미술관
35,전시장,,내셔널지오그래픽 사진전,2019-06-29 ~ 2019-09-27,한가람미술관
36,전시장,,김영구 개인전,2019-09-20 ~ 2019-09-29,한가람미술관
37,전시장,,KAMA/2019,2019-09-22 ~ 2019-09-28,한가람미술관
38,전시장,,제25회 마니프서울국제아트페어,2019-10-02 ~ 2019-10-20,한가람미술관
39,전시장,,"마에스트로, 프랑코 아다미 展",2019-10-02 ~ 2019-10-29,한가람미술관
40,전시장,,서울국제조각페스타 2019,2019-10-26 ~ 2019-11-03,한가람미술관
41,전시장,,민화의 비상(飛上),2019-11-02 ~ 2019-11-09,한가람미술관
42,전시장,,2019 목우미술축제,2019-11-07 ~ 2019-11-13,한가람미술관
43,전시장,,한국목가구展,2019-11-12 ~ 2019-11-20,한가람미술관
44,전시장,,"Cosmic Water, 추인엽 회고전",2019-11-16 ~ 2019-11-23,한가람미술관
45,전시장,,대한민국회화제,2019-11-16 ~ 2019-11-23,한가람미술관
46,전시장,,문예비엔날레-제5회 저작걸이展,2019-11-16 ~ 2019-11-23,한가람미술관
47,전시장,,일상의 예술 2019,2019-11-16 ~ 2019-11-23,한가람미술관
48,전시장,,자연을 품은 강영욱 작품전,2019-11-23 ~ 2019-12-03,한가람미술관
49,전시장,,이정연 회화 40년전,2019-11-27 ~ 2019-12-04,한가람미술관
50,전시장,,제 53회 한국미술협회전,2019-11-28 ~ 2019-12-04,한가람미술관
51,전시장,,석과불식(碩果不食),2019-12-06 ~ 2019-12-16,한가람미술관
52,전시장,,"섬유예술, 전통과 현대를 아우르다",2019-12-07 ~ 2019-12-14,한가람미술관
53,전시장,,제 44회 상형전 정기전,2019-12-07 ~ 2019-12-14,한가람미술관
54,전시장,,네오닷 아트 페스티벌,2019-12-07 ~ 2019-12-14,한가람미술관
55,전시장,,구상미술의 미래를 생각하다,2019-12-17 ~ 2019-12-24,한가람미술관
56,전시장,,석봉 한도현 도예전,2019-12-18 ~ 2019-12-26,한가람미술관
57,전시장,,장완 회고전,2019-12-27 ~ 2020-01-04,한가람미술관
58,전시장,,이희자 회고전,2019-12-27 ~ 2020-01-04,한가람미술관
59,전시장,,2019 KPAM 대한민국미술제,2019-12-27 ~ 2020-01-01,한가람미술관
60,전시장,,에르제 : 땡땡 전,2018-12-21 ~ 2019-04-03,한가람디자인미술관
61,전시장,,이명화 개인전 - 뷰티인그레이스,2019-04-11 ~ 2019-04-20,한가람디자인미술관
62,전시장,,한국의 정원,2019-04-18 ~ 2019-05-19,한가람디자인미술관
63,전시장,,김진원 개인전,2019-04-21 ~ 2019-05-01,한가람디자인미술관
64,전시장,,박소형 개인전,2019-05-04 ~ 2019-05-11,한가람디자인미술관
65,전시장,,2019 슬로우퍼니처 10 01,2019-05-12 ~ 2019-05-20,한가람디자인미술관
66,전시장,,제6회 대한민국국제포토페스티벌,2019-05-25 ~ 2019-05-30,한가람디자인미술관
67,전시장,,앤서니 브라운의 행복극장展,2019-06-08 ~ 2019-09-08,한가람디자인미술관
68,전시장,미술,매그넘 인 파리,2019-09-25 ~ 2020-02-09,한가람디자인미술관
69,전시장,,같고도 다른 : 치바이스와 대화,2018-12-05 ~ 2019-02-17,서울서예박물관
70,전시장,,<자화상自畵像 - 나를 보다> 3.1독립운동·대한민국임시정부 수립 100주년 서화미술특별전,2019-03-01 ~ 2019-04-21,서울서예박물관
71,전시장,,제20회 세종한글서예대전,2019-04-26 ~ 2019-05-02,서울서예박물관
72,전시장,,가남 서예 작품전,2019-05-08 ~ 2019-05-13,서울서예박물관
73,전시장,,제27회대한민국서예전람회,2019-05-14 ~ 2019-05-20,서울서예박물관
74,전시장,,우석 최규명 탄생 100주년 기념전,2019-06-07 ~ 2019-06-30,서울서예박물관
75,전시장,,제16회한중일대한민국동양서예대전,2019-07-04 ~ 2019-07-10,서울서예박물관
76,전시장,,라오주 주칭준 전,2019-07-05 ~ 2019-07-21,서울서예박물관
77,전시장,,제25회 대한민국서도대전,2019-07-12 ~ 2019-07-18,서울서예박물관
78,전시장,,영화 포스터로 보는 한국영화 100년,2019-07-27 ~ 2019-09-01,서울서예박물관
79,전시장,,2019 서예 초대작가전,2019-09-05 ~ 2019-09-11,서울서예박물관
80,전시장,,기쁨이 내맘에,2019-09-18 ~ 2019-09-25,서울서예박물관
81,전시장,,제1회 대한민국 전통예술 전승축제,2019-09-22 ~ 2019-09-30,서울서예박물관
82,전시장,,이당 김용신 고희기념 생동적 상징주의 서예전,2019-10-08 ~ 2019-10-15,서울서예박물관
83,전시장,,2019.(사)한국서가협회 회원전,2019-10-08 ~ 2019-10-14,서울서예박물관
84,전시장,,제20회 대한민국문인화대전,2019-10-15 ~ 2019-10-20,서울서예박물관
85,전시장,,북한미술 전시회 화폭에 담긴 북녁풍경,2019-10-17 ~ 2019-10-27,서울서예박물관
86,전시장,,"서예, 그 새로운 탄생",2019-11-09 ~ 2019-12-29,서울서예박물관
87,전시장,,조선 · 근대 서화전,2019-12-21 ~ 2020-03-15,서울서예박물관
88,전시장,,예술의전당 SAC TOUR_07/27,2019-07-27,
89,전시장,,예술의전당 SAC TOUR_9/28(토),2019-09-28,
90,전시장,,예술의전당 SAC TOUR_10/5(토),2019-10-05,
91,전시장,,예술의전당 SAC TOUR_10/12(토),2019-10-12,
92,전시장,,예술의전당 SAC TOUR_10/26(토),2019-10-26,
93,전시장,,예술의전당 SAC TOUR_11/9(토),2019-11-09,
94,전시장,,예술의전당 SAC TOUR_12/7(토),2019-12-07,
95,전시장,,예술의전당 SAC TOUR_12/20(금),2019-12-20,
96,전시장,,예술의전당 SAC TOUR_12/28(토),2019-12-28,
0,전시장,미술,마리 로랑생展 | 색채의 황홀,2017-12-09 ~ 2018-03-11,한가람미술관
1,전시장,,"알렉산더 지라드, 디자이너의 세계",2017-12-22 ~ 2018-03-04,한가람미술관
2,전시장,,"롯데카드 무브 : 컬처 「그대, 나의 뮤즈 - 반고흐 to 마티스」",2017-12-28 ~ 2018-03-11,한가람미술관
3,전시장,,구혜선 개인전 <미스터리 핑크>,2018-01-11 ~ 2018-02-05,한가람미술관
4,전시장,,서울 뷰티인그레이스 글로벌 아트페어,2018-02-07 ~ 2018-02-13,한가람미술관
5,전시장,,"이동협展 ""이씨산수11.서울2""",2018-02-17 ~ 2018-02-27,한가람미술관
6,전시장,,2018 한국미술응원프로젝트展,2018-03-02 ~ 2018-03-09,한가람미술관
7,전시장,,2018 제10회 예술의전당 작가스튜디오展,2018-03-11 ~ 2018-03-21,한가람미술관
8,전시장,,나 성숙 옻칠전 북촌한옥마을에서,2018-03-23 ~ 2018-04-01,한가람미술관
9,전시장,,제2회 한국교직원미술대전 - 그날의 기억,2018-03-23 ~ 2018-04-01,한가람미술관
10,전시장,,2017 예술의전당 미술영재 아카데미 작품평가전,2018-03-24 ~ 2018-03-31,한가람미술관
11,전시장,,"연파 신현철 ""달의 미학""",2018-04-03 ~ 2018-04-12,한가람미술관
12,전시장,,백순실개인전 <삶과 교향곡>,2018-04-03 ~ 2018-04-12,한가람미술관
13,전시장,,오르빛도요 서영기 달항아리전,2018-04-03 ~ 2018-04-12,한가람미술관
14,전시장,,제6회 서울현대미술페스타,2018-04-04 ~ 2018-04-11,한가람미술관
15,전시장,,봄 그리고 봄 see and spring,2018-04-05 ~ 2018-04-11,한가람미술관
16,전시장,,캘리는 나의 삶,2018-04-14 ~ 2018-04-21,한가람미술관
17,전시장,,한국구상미술의 새로운 비젼을 제시하다,2018-04-14 ~ 2018-04-21,한가람미술관
18,전시장,,최혜자 전,2018-04-14 ~ 2018-04-21,한가람미술관
19,전시장,,오용길 작품전,2018-04-14 ~ 2018-04-21,한가람미술관
20,전시장,,제 39회 도림전 : 세라믹 컨버젼스 Ceramic Convergence,2018-04-24 ~ 2018-05-02,한가람미술관
21,전시장,,에이엔씨아트페스티벌2018,2018-04-24 ~ 2018-05-01,한가람미술관
22,전시장,,원로작가 정경자 팔순 회고전,2018-05-04 ~ 2018-05-13,한가람미술관
23,전시장,,2018 서울모던아트쇼,2018-05-04 ~ 2018-05-08,한가람미술관
24,전시장,,서울국제조각페스타 2018,2018-05-12 ~ 2018-05-20,한가람미술관
25,전시장,,제9회 디자인아트페어 2018,2018-05-17 ~ 2018-05-26,한가람미술관
26,전시장,,SNU 빌라다르 페스티발 2018,2018-05-23 ~ 2018-05-31,한가람미술관
27,전시장,,2018 국토해양환경국제미술대전,2018-05-23 ~ 2018-05-27,한가람미술관
28,전시장,,제2회 여성사진페스티벌 2018 통通하는 여자,2018-06-01 ~ 2018-06-08,한가람미술관
29,전시장,,제43회 상형전 정기전(조형의 꽃으로 말하다),2018-06-03 ~ 2018-06-10,한가람미술관
30,전시장,미술,나는 신범돈이다,2018-06-03 ~ 2018-06-10,한가람미술관
31,전시장,미술,샤갈: 러브 앤 라이프_이스라엘 박물관 컬렉션展,2018-06-05 ~ 2018-09-26,한가람미술관
32,전시장,,우리목가구의멋과아름다움,2018-06-12 ~ 2018-06-19,한가람미술관
33,전시장,,아트포럼인터내셔널 51회 정기전,2018-06-13 ~ 2018-06-20,한가람미술관
34,전시장,,영월에 가면 박물관이 보인다,2018-06-14 ~ 2018-06-20,한가람미술관
35,전시장,,서경자 개인전 <명상 - 더 레드 인 블루>,2018-06-22 ~ 2018-07-02,한가람미술관
36,전시장,,제15회서초미술협회전,2018-06-23 ~ 2018-07-01,한가람미술관
37,전시장,,니키 드 생팔展_마즈다 컬렉션,2018-06-30 ~ 2018-09-25,한가람미술관
38,전시장,,신카이마코토展 <별의 목소리>부터 <너의 이름은.>까지,2018-07-13 ~ 2018-09-26,한가람미술관
39,전시장,,"한국, 프랑스 구상회화전 - 이영희, 길",2018-09-17 ~ 2018-10-31,한가람미술관
40,전시장,,신현호 개인전,2018-10-04 ~ 2018-10-08,한가람미술관
41,전시장,,2018 KPAM 대한민국미술제,2018-10-04 ~ 2018-10-08,한가람미술관
42,전시장,,예술의전당 개관 30주년 작가스튜디오 역대 작가전,2018-10-04 ~ 2018-10-08,한가람미술관
43,전시장,,2018마니프서울국제아트페어,2018-10-11 ~ 2018-10-30,한가람미술관
44,전시장,,2018 목우미술제,2018-11-03 ~ 2018-11-09,한가람미술관
45,전시장,,소목장 박명배 목가구전,2018-11-03 ~ 2018-11-12,한가람미술관
46,전시장,,2018 대한민국 회화제 (30주년 기념전),2018-11-12 ~ 2018-11-19,한가람미술관
47,전시장,,제52회 한국미술협회전,2018-11-13 ~ 2018-11-19,한가람미술관
48,전시장,,이석보 개인전,2018-11-15 ~ 2018-11-23,한가람미술관
49,전시장,,수곡(守谷) 손대현 옻칠전,2018-11-22 ~ 2018-11-29,한가람미술관
50,전시장,,AD EIN KETZ,2018-11-22 ~ 2018-11-29,한가람미술관
51,전시장,,선과색 아트페어 Do it Reverse,2018-11-23 ~ 2018-11-29,한가람미술관
52,전시장,,조선목가구 재현 재창조,2018-11-25 ~ 2018-12-04,한가람미술관
53,전시장,,제3회 불교미술 일섭문도전 2018 불모들의 향연,2018-12-02 ~ 2018-12-09,한가람미술관
54,전시장,,제 63 회 창작미술협회전,2018-12-02 ~ 2018-12-09,한가람미술관
55,전시장,,"창조적 긴장, 나무의 숨결 따라!",2018-12-06 ~ 2018-12-13,한가람미술관
56,전시장,,이매진 _ 존 레논 展,2018-12-06 ~ 2019-03-10,한가람미술관
57,전시장,미술,행복을 그리는 화가 - 에바알머슨전,2018-12-07 ~ 2019-03-31,한가람미술관
58,전시장,,일상의 예술 2018,2018-12-12 ~ 2018-12-19,한가람미술관
59,전시장,,ONE. ZONE. E.,2018-12-13 ~ 2018-12-19,한가람미술관
60,전시장,,오대양 육대주 열한 개 길 가다,2018-12-16 ~ 2018-12-23,한가람미술관
61,전시장,,제2회 서울 뷰티인그레이스 글로벌 아트페어,2018-12-25 ~ 2019-01-01,한가람미술관
62,전시장,,피카소와 큐비즘,2018-12-28 ~ 2019-03-31,한가람미술관
63,전시장,미술,알베르토 자코메티 한국특별전,2017-12-21 ~ 2018-04-15,한가람디자인미술관
64,전시장,,황부용 힐링 그래피즘 '춤추는 사람들',2018-04-24 ~ 2018-05-04,한가람디자인미술관
65,전시장,,"이시원 개인전 , 아름다운 거래",2018-05-06 ~ 2018-05-14,한가람디자인미술관
66,전시장,,제9회 디자인아트페어 2018,2018-05-17 ~ 2018-05-26,한가람디자인미술관
67,전시장,,제5회 대한민국국제포토페스티벌,2018-05-31 ~ 2018-06-06,한가람디자인미술관
68,전시장,,통영나전칠기전,2018-06-08 ~ 2018-06-17,한가람디자인미술관
69,전시장,,제10회 이탈리아영화제 프롤로그,2018-06-09 ~ 2018-06-17,한가람디자인미술관
70,전시장,,박소형 개인전,2018-06-20 ~ 2018-06-27,한가람디자인미술관
71,전시장,,대한민국 新예술인展,2018-06-20 ~ 2018-06-28,한가람디자인미술관
72,전시장,,‘The Loop’ - 텍스타일 디자인 展,2018-06-29 ~ 2018-07-08,한가람디자인미술관
73,전시장,,신미식 작가 x 윤쌍웅 작가 기증 작품전,2018-07-01 ~ 2018-07-12,한가람디자인미술관
74,전시장,,이미 아직,2018-07-10 ~ 2018-07-18,한가람디자인미술관
75,전시장,,오! 에르베 튈레 색색깔깔展,2018-07-21 ~ 2018-10-21,한가람디자인미술관
76,전시장,,디지털 플래너리,2018-10-24 ~ 2018-10-31,한가람디자인미술관
77,전시장,,만화와 도자기의 만남전,2018-10-26 ~ 2018-11-04,한가람디자인미술관
78,전시장,,<찰나 · 동행> 춤 아카이브 사진전,2018-10-26 ~ 2018-11-04,한가람디자인미술관
79,전시장,,슬로우퍼니처 '아지트' - 당신의 방은 어디인가요?,2018-11-03 ~ 2018-11-14,한가람디자인미술관
80,전시장,,2018 세계한민족미술대축제,2018-11-08 ~ 2018-11-14,한가람디자인미술관
81,전시장,,바람의 연주,2018-11-17 ~ 2018-11-24,한가람디자인미술관
82,전시장,,2018 한·중·일 장애인 미술교류전,2018-11-17 ~ 2018-11-24,한가람디자인미술관
83,전시장,,"이정아, 허은만, 장세실리아 3인전 - 뷰티 인 그레이스",2018-11-17 ~ 2018-11-25,한가람디자인미술관
84,전시장,,"이명순, 박희숙, 윤경 3인전 - 뷰티인그레이스",2018-11-27 ~ 2018-12-05,한가람디자인미술관
85,전시장,,현실의 반영과 변형,2018-11-27 ~ 2018-12-04,한가람디자인미술관
86,전시장,,Life in the Textile,2018-11-27 ~ 2018-12-04,한가람디자인미술관
87,전시장,,에르제 : 땡땡 전,2018-12-21 ~ 2019-04-03,한가람디자인미술관
88,전시장,,예술의전당 서예박물관 20세기 서화미술거장Ⅰ <김종영 - 붓으로 조각하다>,2017-12-22 ~ 2018-02-04,서울서예박물관
89,전시장,,동아시아 필묵의 힘 - 2018년 평창올림픽&패럴림픽 기념 한중일 서예 거장전,2018-02-09 ~ 2018-04-01,서울서예박물관
90,전시장,,한국서예사특별전 34 <명재 윤증>,2018-03-29 ~ 2018-05-13,서울서예박물관
91,전시장,,제19회세종한글서예대전,2018-04-06 ~ 2018-04-12,서울서예박물관
92,전시장,,한글서체정립을 위한 특별기획 한글서체별 작품전,2018-04-14 ~ 2018-04-19,서울서예박물관
93,전시장,,제26회 대한민국서예전람회,2018-04-27 ~ 2018-05-03,서울서예박물관
94,전시장,,제24회 대한민국서도대전,2018-05-10 ~ 2018-05-16,서울서예박물관
95,전시장,,광개토대왕비체 부모은중경 하석전,2018-05-18 ~ 2018-05-28,서울서예박물관
96,전시장,,개관30주년 기념 <어린이 붓글씨 한마당展>,2018-05-19 ~ 2018-05-27,서울서예박물관
97,전시장,,"한메이린 세계순회전 - 서울 | 메이린의 예술세계 : 격정, 융화, 올림픽.",2018-06-06 ~ 2018-07-08,서울서예박물관
98,전시장,,김세종민화컬렉션 - 판타지아 조선,2018-07-18 ~ 2018-08-26,서울서예박물관
99,전시장,,원곡서예상 40주년 기념전,2018-08-07 ~ 2018-08-19,서울서예박물관
100,전시장,,2018 서예초대작가전,2018-08-30 ~ 2018-09-05,서울서예박물관
101,전시장,,제15회한중일대한민국동양서예대전,2018-09-07 ~ 2018-09-16,서울서예박물관
102,전시장,,성파 옻칠섬유 예술전,2018-09-08 ~ 2018-09-15,서울서예박물관
103,전시장,,SACCalliFe 2018 - 한국 서예의 미래 <청춘의 농담濃淡>,2018-09-21 ~ 2018-10-14,서울서예박물관
104,전시장,,"성각스님의 선서화-선묵의 세계, 그 여백과 여유",2018-10-19 ~ 2018-10-23,서울서예박물관
105,전시장,,제19회 대한민국문인화대전,2018-10-24 ~ 2018-10-29,서울서예박물관
106,전시장,,2018대한민국서예전람회 초대작가전,2018-10-31 ~ 2018-11-06,서울서예박물관
107,전시장,,같고도 다른 : 치바이스와 대화,2018-12-05 ~ 2019-02-17,서울서예박물관
108,전시장,,일상의 예술 2017,2017-12-28 ~ 2018-01-07,
0,전시장,미술,프랑스 국립 오르세미술관展,2016-10-29 ~ 2017-03-05,한가람미술관
1,전시장,미술,"알폰스 무하, 모던 그래픽 디자인의 선구자 展",2016-12-03 ~ 2017-03-05,한가람미술관
2,전시장,미술,아르데코의 여왕 타마라 렘피카전,2016-12-10 ~ 2017-03-05,한가람미술관
3,전시장,,위대한낙서 <셰퍼드 페어리 전 : 평화와 정의>,2017-03-15 ~ 2017-04-30,한가람미술관
4,전시장,,마츠모토 레이지 은하철도999展 발표 40주년 기념,2017-03-18 ~ 2017-05-01,한가람미술관
5,전시장,,생명의 빛,2017-03-19 ~ 2017-03-28,한가람미술관
6,전시장,,2017 예술의전당 소장품전 - 한국현대사진의 흐름,2017-04-15 ~ 2017-05-01,한가람미술관
7,전시장,,제5회 SMAF서울현대미술페스타,2017-05-05 ~ 2017-05-12,한가람미술관
8,전시장,,문예비엔날레 제4회 저작걸이展,2017-05-05 ~ 2017-05-13,한가람미술관
9,전시장,,2017 한국기초조형학회 서울 국제기획초대작품전,2017-05-06 ~ 2017-05-12,한가람미술관
10,전시장,,다연 이경자 회고전,2017-05-15 ~ 2017-05-23,한가람미술관
11,전시장,,청마 유태근 보듬다展,2017-05-15 ~ 2017-05-22,한가람미술관
12,전시장,,대한민국 미술단체 일원회 정기 대작 전 [회화에 사랑을 더하다],2017-05-15 ~ 2017-05-21,한가람미술관
13,전시장,,제45회 사단법인 한국여류화가협회정기전 (주제:풍요로움을 노래,2017-05-16 ~ 2017-05-22,한가람미술관
14,전시장,,(국제전)한국구상미술을 창조한 60년의 자취를 말하다,2017-05-23 ~ 2017-05-31,한가람미술관
15,전시장,,2017 제8회 서울모던아트쇼,2017-05-26 ~ 2017-05-31,한가람미술관
16,전시장,,서울국제조각페스타 2017,2017-06-03 ~ 2017-06-10,한가람미술관
17,전시장,,예원학교 개교50주년 기념 총동문전,2017-06-13 ~ 2017-06-20,한가람미술관
18,전시장,,2017 국제화이버아트페어,2017-06-13 ~ 2017-06-18,한가람미술관
19,전시장,,2017 신작전회 정기 회원전,2017-06-22 ~ 2017-06-30,한가람미술관
20,전시장,,보그 라이크 어 페인팅,2017-06-24 ~ 2017-10-07,한가람미술관
21,전시장,미술,카림 라시드展,2017-06-30 ~ 2017-10-07,한가람미술관
22,전시장,,롯데카드 무브컬처 〈라이프 사진전〉,2017-07-07 ~ 2017-10-08,한가람미술관
23,전시장,,2017마니프서울국제아트페어,2017-10-12 ~ 2017-10-29,한가람미술관
24,전시장,,2017 목우회전,2017-11-03 ~ 2017-11-09,한가람미술관
25,전시장,,한진만 개인전 天山,2017-11-12 ~ 2017-11-19,한가람미술관
26,전시장,,제62회 창작미술협회전,2017-11-12 ~ 2017-11-19,한가람미술관
27,전시장,,제 51회 한국미술협회전,2017-11-13 ~ 2017-11-19,한가람미술관
28,전시장,,구자승 展,2017-11-22 ~ 2017-11-30,한가람미술관
29,전시장,,2017 KPAM 대한민국미술제,2017-11-22 ~ 2017-11-30,한가람미술관
30,전시장,,선과색 기획전 - 공중부양 1982,2017-12-03 ~ 2017-12-10,한가람미술관
31,전시장,,대한민국회화제 30주년 기념전,2017-12-03 ~ 2017-12-09,한가람미술관
32,전시장,미술,마리 로랑생展 | 색채의 황홀,2017-12-09 ~ 2018-03-11,한가람미술관
33,전시장,,"알렉산더 지라드, 디자이너의 세계",2017-12-22 ~ 2018-03-04,한가람미술관
34,전시장,,"롯데카드 무브 : 컬처 「그대, 나의 뮤즈 - 반고흐 to 마티스」",2017-12-28 ~ 2018-03-11,한가람미술관
35,전시장,,현대건축의 아버지 르 코르뷔지에 展,2016-12-06 ~ 2017-03-26,한가람디자인미술관
36,전시장,,skyA&C 아틀리에STORY 展,2017-04-06 ~ 2017-04-30,한가람디자인미술관
37,전시장,,디자인아트페어2017,2017-05-05 ~ 2017-05-14,한가람디자인미술관
38,전시장,,권재희 패션 텍스타일 디자인전,2017-05-18 ~ 2017-05-26,한가람디자인미술관
39,전시장,,제4회 대한민국국제포토페스티벌 <사진의 반란>,2017-05-19 ~ 2017-05-25,한가람디자인미술관
40,전시장,,현대백화점 SUPER STAGE 모리스 드 블라맹크 展,2017-06-03 ~ 2017-08-20,한가람디자인미술관
41,전시장,,통영 전통 나전칠기전,2017-08-29 ~ 2017-09-10,한가람디자인미술관
42,전시장,미술,무민원화전,2017-09-02 ~ 2017-12-03,한가람디자인미술관
43,전시장,,섬유벽지展,2017-09-13 ~ 2017-09-19,한가람디자인미술관
44,전시장,,이담 개인전(우리들의축제),2017-09-21 ~ 2017-10-01,한가람디자인미술관
45,전시장,,슬로우 퍼니처- 나무 기대다,2017-10-08 ~ 2017-10-19,한가람디자인미술관
46,전시장,,"FX 프로젝트의 네번째 수다_맛있는 가구, 맛있는 수다",2017-10-21 ~ 2017-10-31,한가람디자인미술관
47,전시장,,김진원 개인전,2017-11-02 ~ 2017-11-10,한가람디자인미술관
48,전시장,,이수정 개인전,2017-11-12 ~ 2017-11-30,한가람디자인미술관
49,전시장,미술,알베르토 자코메티 한국특별전,2017-12-21 ~ 2018-04-15,한가람디자인미술관
50,전시장,,위대한 낙서 The Great Graffiti 展,2016-12-09 ~ 2017-03-12,서울서예박물관
51,전시장,,"제20회 신사임당,이율곡서예대전",2017-03-20 ~ 2017-03-29,서울서예박물관
52,전시장,,제18회세종한글서예대전,2017-03-30 ~ 2017-04-05,서울서예박물관
53,전시장,,가나아트 이호재회장 기증 고려 금석문전-죽음을 노래하다,2017-04-05 ~ 2017-06-18,서울서예박물관
54,전시장,,"대한민국미술대전 문인화,서예부문 초대작가전",2017-04-06 ~ 2017-04-15,서울서예박물관
55,전시장,,꽃뜰 이미경 100세전,2017-04-19 ~ 2017-04-30,서울서예박물관
56,전시장,,제25회 대한민국서예전람회,2017-05-01 ~ 2017-05-07,서울서예박물관
57,전시장,,현대작가 특선<소헌 정도준>展,2017-05-12 ~ 2017-06-11,서울서예박물관
58,전시장,,제23회 대한민국서도대전,2017-06-12 ~ 2017-06-18,서울서예박물관
59,전시장,,제10회 우리민화협회 정기회원전,2017-06-19 ~ 2017-06-25,서울서예박물관
60,전시장,,알렉산더 대왕이 만난 붓다- 간다라 미술展,2017-06-29 ~ 2017-09-30,서울서예박물관
61,전시장,,SACCalliFe 2017 - 오늘의 한국서예,2017-06-30 ~ 2017-07-23,서울서예박물관
62,전시장,,한중수교25주년 기념 치바이스齊白石 - 목장木匠에서 거장巨匠까지,2017-07-31 ~ 2017-10-08,서울서예박물관
63,전시장,,한국서학회기증작품특별전 - 한글서예의 어제와 오늘,2017-10-12 ~ 2017-11-02,서울서예박물관
64,전시장,,2017 한국서가협회 회원전,2017-10-12 ~ 2017-10-18,서울서예박물관
65,전시장,,‘2017 아름다운 우리 섬 독도’ 국제초대展,2017-10-20 ~ 2017-11-04,서울서예박물관
66,전시장,,2017서울 한중과학자인문학자서예전,2017-10-20 ~ 2017-11-05,서울서예박물관
67,전시장,,2017 한국서도초대작가전,2017-11-06 ~ 2017-11-12,서울서예박물관
68,전시장,,옥장 장주원 회고전,2017-11-07 ~ 2017-11-12,서울서예박물관
69,전시장,,초민 박용설전,2017-11-14 ~ 2017-11-19,서울서예박물관
70,전시장,,제18회대한민국문인화대전,2017-11-20 ~ 2017-11-25,서울서예박물관
71,전시장,,제14회한중일대한민국동양서예대전,2017-11-27 ~ 2017-12-03,서울서예박물관
72,전시장,,한국의 진경-독도와 울릉도,2017-11-29 ~ 2017-12-17,서울서예박물관
73,전시장,,예술의전당 서예박물관 20세기 서화미술거장Ⅰ <김종영 - 붓으로 조각하다>,2017-12-22 ~ 2018-02-04,서울서예박물관
74,전시장,,예술의전당 아이스링크,2016-12-09 ~ 2017-02-12,
75,전시장,,"구혜선 개인전 - dark YELLOW (순수, 공포 그리고 자유)",2017-01-05 ~ 2017-01-29,
76,전시장,,이동협전. 이씨산수10.서울,2017-02-17 ~ 2017-02-26,
77,전시장,,한국을 이끌어 갈 예술인 52 / 2017,2017-03-01 ~ 2017-03-07,
78,전시장,,2017 제9회 예술의전당 작가스튜디오展,2017-03-09 ~ 2017-03-22,
79,전시장,,2016 예술의전당 미술영재 아카데미 작품평가전,2017-03-25 ~ 2017-04-01,
80,전시장,,전통도예 47주년 기념전 <서광윤 展>,2017-04-02 ~ 2017-04-11,
81,전시장,,컨템퍼러리 10,2017-04-13 ~ 2017-04-21,
82,전시장,,제12회 소목장 박명배와 그의 제자전,2017-04-23 ~ 2017-05-01,
83,전시장,,디자인아트페어2017,2017-05-05 ~ 2017-05-14,
84,전시장,,2017 한국을 대표하는 패션일러스트레이터 특별초대전,2017-05-17 ~ 2017-05-25,
85,전시장,,김명규 개인전_시간과 공간 사이의 미완체,2017-05-31 ~ 2017-06-16,
86,전시장,,X-Ray Man 닉 베세이展,2017-06-22 ~ 2017-08-27,
87,전시장,,Another Stories,2017-08-31 ~ 2017-09-07,
88,전시장,,조선목가구 재현과 재창조전,2017-09-10 ~ 2017-09-18,
89,전시장,,어울림의 공간-제주환상展-,2017-09-20 ~ 2017-09-29,
90,전시장,,파비오 칼베티. 위로를 건네다.,2017-10-03 ~ 2017-10-29,
91,전시장,,"허남문, 융합 - 감성을 품다",2017-11-01 ~ 2017-11-12,
92,전시장,,김철우전-길 위에서 그리다!,2017-11-14 ~ 2017-11-23,
93,전시장,,양석중 木가구展-미래의 전통,2017-11-25 ~ 2017-12-04,
94,전시장,,그녀들의 못다한 이야기,2017-12-07 ~ 2017-12-16,
95,전시장,,김기룡 개인전,2017-12-18 ~ 2017-12-27,
96,전시장,,일상의 예술 2017,2017-12-28 ~ 2018-01-07,
0,전시장,미술,피카소에서 프란시스 베이컨까지,2015-11-27 ~ 2016-03-01,한가람미술관
1,전시장,미술,대영박물관 한국전 - 영원한인간,2015-12-11 ~ 2016-03-26,한가람미술관
2,전시장,,내셔널 지오그래픽전 - 미스테리 월드,2015-12-12 ~ 2016-03-20,한가람미술관
3,전시장,,창립80주년 후소회정기전,2016-03-14 ~ 2016-03-21,한가람미술관
4,전시장,,skyA&C 아틀리에STORY 展,2016-03-26 ~ 2016-04-04,한가람미술관
5,전시장,,서울모던아트쇼,2016-04-08 ~ 2016-04-11,한가람미술관
6,전시장,,A&C ART FESTIVAL2016,2016-04-14 ~ 2016-04-19,한가람미술관
7,전시장,,도예가 신봉균 개인전,2016-04-21 ~ 2016-04-29,한가람미술관
8,전시장,,한국미술 - 아트 뉴웨이브,2016-04-21 ~ 2016-04-29,한가람미술관
9,전시장,,창립 60주년 기념 제61회 창작미술협회전,2016-04-21 ~ 2016-04-29,한가람미술관
10,전시장,,2016 대구미술 아우르기,2016-05-02 ~ 2016-05-09,한가람미술관
11,전시장,,청마 유태근 보듬이 도자전,2016-05-02 ~ 2016-05-09,한가람미술관
12,전시장,,강영길 개인전_위 아 고도,2016-05-02 ~ 2016-05-09,한가람미술관
13,전시장,,용의비늘2016_중앙대학교 미술학부창립 60주년 기념전,2016-05-02 ~ 2016-05-09,한가람미술관
14,전시장,,2016 한국기초조형학회 서울 국제기획초대작품전,2016-05-03 ~ 2016-05-09,한가람미술관
15,전시장,,불꽃의 화가들-상형전 41회 정기전,2016-05-11 ~ 2016-05-20,한가람미술관
16,전시장,,제정자 : 선조의 영혼,2016-05-12 ~ 2016-05-19,한가람미술관
17,전시장,,구상미술의 소통과 공감전(한국현대미술 신기회 72회전),2016-05-12 ~ 2016-05-19,한가람미술관
18,전시장,,오세영 개인전_심성의 기호,2016-05-12 ~ 2016-05-19,한가람미술관
19,전시장,,2016 KPAM 대한민국미술제,2016-05-22 ~ 2016-05-29,한가람미술관
20,전시장,,관조.觀照-이강업 사진전,2016-05-22 ~ 2016-05-29,한가람미술관
21,전시장,,心線神針 심선신침 최유현 자수전,2016-05-22 ~ 2016-05-29,한가람미술관
22,전시장,,서울국제조각페스타 2016,2016-06-02 ~ 2016-06-08,한가람미술관
23,전시장,,구상미술목우회창립60주년대작전,2016-06-12 ~ 2016-06-18,한가람미술관
24,전시장,,로이터 사진전,2016-06-25 ~ 2016-09-25,한가람미술관
25,전시장,,"롯데카드 무브컬쳐 거장vs거장_샤갈, 달리, 뷔페 전",2016-06-25 ~ 2016-09-25,한가람미술관
26,전시장,,앤서니 브라운展 - 행복한 미술관,2016-06-25 ~ 2016-09-25,한가람미술관
27,전시장,,마니프서울국제아트페어,2016-10-02 ~ 2016-10-20,한가람미술관
28,전시장,미술,프랑스 국립 오르세미술관展,2016-10-29 ~ 2017-03-05,한가람미술관
29,전시장,,제4회 SMAF서울현대미술페스타,2016-11-25 ~ 2016-12-03,한가람미술관
30,전시장,미술,"알폰스 무하, 모던 그래픽 디자인의 선구자 展",2016-12-03 ~ 2017-03-05,한가람미술관
31,전시장,미술,아르데코의 여왕 타마라 렘피카전,2016-12-10 ~ 2017-03-05,한가람미술관
32,전시장,,풍경으로 보는 인상주의,2015-12-19 ~ 2016-04-03,한가람디자인미술관
33,전시장,,천하걸작 한국영송_장국현 사진전,2016-04-12 ~ 2016-04-26,한가람디자인미술관
34,전시장,,"슬로우퍼니처 - 5원소 火, 水, 木, 金, 土",2016-04-28 ~ 2016-05-11,한가람디자인미술관
35,전시장,,디자인아트페어 2016,2016-04-29 ~ 2016-05-08,한가람디자인미술관
36,전시장,,봄 하얗게 피어나다,2016-05-11 ~ 2016-05-18,한가람디자인미술관
37,전시장,,대한민국은 아름답다,2016-05-11 ~ 2016-05-18,한가람디자인미술관
38,전시장,미술,프리다 칼로 & 디에고 리베라,2016-05-28 ~ 2016-08-28,한가람디자인미술관
39,전시장,,정재윤 개인전,2016-09-06 ~ 2016-09-12,한가람디자인미술관
40,전시장,미술,덴마크 디자인전,2016-09-10 ~ 2016-11-20,한가람디자인미술관
41,전시장,,이수영 개인전,2016-09-19 ~ 2016-09-25,한가람디자인미술관
42,전시장,,유지은 개인전 '그들과 그들의 세상',2016-09-28 ~ 2016-10-05,한가람디자인미술관
43,전시장,,환영의 장식,2016-10-08 ~ 2016-10-16,한가람디자인미술관
44,전시장,,김주형텍스타일전,2016-10-19 ~ 2016-10-26,한가람디자인미술관
45,전시장,,박소형 텍스타일 디자인 개인전,2016-10-29 ~ 2016-11-06,한가람디자인미술관
46,전시장,,또 하나의 백자_사진조각,2016-11-07 ~ 2016-11-16,한가람디자인미술관
47,전시장,,2017 표면 요소· 디자인,2016-11-18 ~ 2016-11-25,한가람디자인미술관
48,전시장,,현대건축의 아버지 르 코르뷔지에 展,2016-12-06 ~ 2017-03-26,한가람디자인미술관
49,전시장,,재개관서예축전1 - 통일아!,2016-03-01 ~ 2016-04-24,서울서예박물관
50,전시장,,대한민국미술대전 문인화부문 초대작가전,2016-05-04 ~ 2016-05-10,서울서예박물관
51,전시장,,제24회 대한민국서예전람회,2016-05-13 ~ 2016-05-19,서울서예박물관
52,전시장,,제28회 대한민국서예대전 / 제3기 대한민국신진서예가전,2016-05-20 ~ 2016-05-31,서울서예박물관
53,전시장,,재개관서예축전2 조선 궁중화·민화 걸작-문자도·책거리,2016-06-11 ~ 2016-08-28,서울서예박물관
54,전시장,,조선 궁중화·민화 걸작-문자도·책거리 연장 전시,2016-09-01 ~ 2016-09-18,서울서예박물관
55,전시장,,선비의 사계,2016-09-02 ~ 2016-09-11,서울서예박물관
56,전시장,,국채보상운동 - 큰 강물이 비로소 길을 열었다,2016-09-02 ~ 2016-09-18,서울서예박물관
57,전시장,,한글 書 x 라틴 타이포그래피- 동서 문자문명의 대화,2016-09-27 ~ 2016-10-19,서울서예박물관
58,전시장,,[한국서예사특별전33] 초의선사전 - 바라밀 다 波羅蜜 茶,2016-09-30 ~ 2016-11-06,서울서예박물관
59,전시장,,2016 대한민국서예전람회 초대작가전,2016-10-21 ~ 2016-10-27,서울서예박물관
60,전시장,,천상의 노래(소원 이은순의 임마누엘 書畵展),2016-10-28 ~ 2016-11-06,서울서예박물관
61,전시장,,2016한국서도협회,2016-11-01 ~ 2016-11-07,서울서예박물관
62,전시장,,제17회대한민국문인화대전,2016-11-08 ~ 2016-11-13,서울서예박물관
63,전시장,,초의선사전 - 바라밀 다 波羅蜜 茶,2016-11-15 ~ 2016-11-27,서울서예박물관
64,전시장,,남전(南田) 원중식(元仲植)선생 유작전 추모3주기,2016-11-17 ~ 2016-11-27,서울서예박물관
65,전시장,,위대한 낙서 The Great Graffiti 展,2016-12-09 ~ 2017-03-12,서울서예박물관
66,전시장,,예술의전당 아이스링크 - ICE DREAM,2015-12-05 ~ 2016-02-14,
67,전시장,,"세상을 바꾼 크리에이터, 스티브잡스 사진전",2015-12-10 ~ 2016-03-08,
68,전시장,,제8회 예술의전당 작가스튜디오展,2016-03-11 ~ 2016-03-23,
69,전시장,,2015 미술영재아카데미 작품평가展,2016-03-26 ~ 2016-04-09,
70,전시장,,제1회 여성사진페스티벌 2016,2016-04-11 ~ 2016-04-19,
71,전시장,,홍익대학교 미술대학원 아트꼬뮨 정기전,2016-04-21 ~ 2016-04-26,
72,전시장,,디자인아트페어 2016,2016-04-29 ~ 2016-05-08,
73,전시장,,제21회한국국제퀼트협회전,2016-05-11 ~ 2016-05-19,
74,전시장,,"행복의 향연, 김 정아 전",2016-05-21 ~ 2016-06-01,
75,전시장,,김명규 개인전,2016-06-04 ~ 2016-06-11,
76,전시장,,2016 한국을 대표하는 패션일러스트레이터 특별초대전,2016-06-14 ~ 2016-06-22,
77,전시장,,제경진 개인전,2016-06-25 ~ 2016-07-03,
78,전시장,,"이동협전_이씨산수9,백령도",2016-07-08 ~ 2016-07-17,
79,전시장,미술,김품창 제주 15년 -서울 展-,2016-07-23 ~ 2016-07-31,
80,전시장,,님과 십장생도_나토 20주년,2016-08-03 ~ 2016-08-10,
81,전시장,,감성과 색채전,2016-08-12 ~ 2016-08-21,
82,전시장,,제5회 대한민국 국전작가회 회원전,2016-08-23 ~ 2016-08-31,
83,전시장,,홍선애 개인전 _ 우주의 꿈,2016-09-03 ~ 2016-09-10,
84,전시장,,김봉희 개인전,2016-09-18 ~ 2016-09-25,
85,전시장,,프랑코 아다미(Franco Adami) 展,2016-09-28 ~ 2016-10-23,
86,전시장,,대한민국 포슬린아트 전문작가전,2016-10-26 ~ 2016-11-03,
87,전시장,,제11회 소목장 박명배와 그의 제자전,2016-11-06 ~ 2016-11-13,
88,전시장,,일상의 예술 전,2016-11-17 ~ 2016-11-27,
89,전시장,,예술의전당 아이스링크,2016-12-09 ~ 2017-02-12,
90,전시장,,장영주 개인전,2016-12-10 ~ 2016-12-30,
0,전시장,미술,"인상파의 고향, 노르망디_ 유럽모던풍경화의 탄생",2014-11-22 ~ 2015-02-18,한가람미술관
1,전시장,미술,앵그르에서 칸딘스키까지,2014-11-25 ~ 2015-03-12,한가람미술관
2,전시장,,블라디미르 쿠쉬전,2014-12-23 ~ 2015-04-05,한가람미술관
3,전시장,,제3회 SMAF서울현대미술페스타,2015-02-27 ~ 2015-03-06,한가람미술관
4,전시장,,비전-한국화 2015,2015-03-09 ~ 2015-03-16,한가람미술관
5,전시장,,제2회 불교미술 일섭문도전,2015-03-09 ~ 2015-03-16,한가람미술관
6,전시장,,허회태 개인전,2015-03-19 ~ 2015-03-26,한가람미술관
7,전시장,미술,마크 로스코(Mark Rothko)전,2015-03-23 ~ 2015-06-28,한가람미술관
8,전시장,,이랜드스페이스-뉴 센세이션,2015-03-29 ~ 2015-04-06,한가람미술관
9,전시장,,제43회 사단법인 한국여류화가협회전,2015-04-09 ~ 2015-04-16,한가람미술관
10,전시장,,상형전 40회 기념전,2015-04-09 ~ 2015-04-17,한가람미술관
11,전시장,,에이엔씨아트페스티벌2015,2015-04-18 ~ 2015-04-25,한가람미술관
12,전시장,,2015KPAM대한민국미술제,2015-04-28 ~ 2015-05-04,한가람미술관
13,전시장,,아트 코리아,2015-05-07 ~ 2015-05-14,한가람미술관
14,전시장,,2015 세계 수채화 트리엔날레,2015-05-16 ~ 2015-05-28,한가람미술관
15,전시장,,제49회 한국미술협회전,2015-06-02 ~ 2015-06-06,한가람미술관
16,전시장,,화가 150인과의 대화전,2015-06-09 ~ 2015-06-13,한가람미술관
17,전시장,,제4회 FIBER ART FAIR,2015-06-09 ~ 2015-06-14,한가람미술관
18,전시장,,강성원 개인전,2015-06-16 ~ 2015-06-23,한가람미술관
19,전시장,,나성숙 옻칠전,2015-06-16 ~ 2015-06-24,한가람미술관
20,전시장,,모딜리아니 몽파르나스의 전설,2015-06-26 ~ 2015-10-04,한가람미술관
21,전시장,,키아 환상과 신화展,2015-07-03 ~ 2015-10-04,한가람미술관
22,전시장,미술,페르난도 보테로,2015-07-10 ~ 2015-10-04,한가람미술관
23,전시장,,서울국제조각페스타 2015,2015-10-13 ~ 2015-10-18,한가람미술관
24,전시장,,유네스코세계유산회화제-2015 MIAF_목우회 회원전,2015-10-22 ~ 2015-10-27,한가람미술관
25,전시장,,마니프서울국제아트페어,2015-10-30 ~ 2015-11-17,한가람미술관
26,전시장,,정헌메세나 후원 작가 - 아름다운 다리전 2,2015-11-24 ~ 2015-12-06,한가람미술관
27,전시장,미술,피카소에서 프란시스 베이컨까지,2015-11-27 ~ 2016-03-01,한가람미술관
28,전시장,미술,대영박물관 한국전 - 영원한인간,2015-12-11 ~ 2016-03-26,한가람미술관
29,전시장,,내셔널 지오그래픽전 - 미스테리 월드,2015-12-12 ~ 2016-03-20,한가람미술관
30,전시장,,"프랑스 장식예술박물관 특별전 파리, 일상의 유혹",2014-12-13 ~ 2015-03-29,한가람디자인미술관
31,전시장,,"슬로우 퍼니처 - 나무, 빛나다",2015-04-04 ~ 2015-04-15,한가람디자인미술관
32,전시장,,디자인아트페어 2015,2015-04-04 ~ 2015-04-15,한가람디자인미술관
33,전시장,,허영만전,2015-04-29 ~ 2015-07-19,한가람디자인미술관
34,전시장,,바르셀로나를 꿈꾸다. 안토니 가우디 展,2015-07-31 ~ 2015-11-01,한가람디자인미술관
35,전시장,,<藝人> - 박상윤 사진전,2015-11-10 ~ 2015-11-21,한가람디자인미술관
36,전시장,,제37회 중앙미술대전 선정작가 전시,2015-11-12 ~ 2015-11-21,한가람디자인미술관
37,전시장,,문학을 담은 장신구 - 꽃들에게 희망을,2015-12-01 ~ 2015-12-08,한가람디자인미술관
38,전시장,,2015 대한민국국제포토페스티벌,2015-12-02 ~ 2015-12-08,한가람디자인미술관
39,전시장,,풍경으로 보는 인상주의,2015-12-19 ~ 2016-04-03,한가람디자인미술관
40,전시장,,생태적 예술 - 일상의 예술 전,2015-01-07 ~ 2015-01-14,
41,전시장,,케이아트페어 1회,2015-01-18 ~ 2015-01-22,
42,전시장,,2015 한국을 대표하는 패션일러스트레이터 특별초대전,2015-01-28 ~ 2015-02-04,
43,전시장,,"이동협전_이씨산수8,울릉도",2015-02-06 ~ 2015-02-15,
44,전시장,,제7회 예술의전당 작가스튜디오展,2015-02-17 ~ 2015-03-09,
45,전시장,,예술의전당 미술영재 아카데미 작품평가전,2015-03-13 ~ 2015-03-21,
46,전시장,,제10회 소목장 박명배와 그의 제자전,2015-03-24 ~ 2015-04-01,
47,전시장,,디자인아트페어 2015,2015-04-05 ~ 2015-04-15,
48,전시장,,제20회 한국국제퀼트협회전,2015-04-18 ~ 2015-04-26,
49,전시장,,서울디자인아트북페스티벌,2015-04-30 ~ 2015-05-10,
50,전시장,,이상권 개인전,2015-05-13 ~ 2015-05-23,
51,전시장,,제2회 한국 마에스트로 바이올린 제작가 협회 악기 전시회,2015-05-26 ~ 2015-06-04,
52,전시장,,제2회 허상회 개인전,2015-06-07 ~ 2015-06-15,
53,전시장,,제나 할러웨이 사진전 - 더 판타지,2015-07-03 ~ 2015-09-07,
54,전시장,미술,"미셸 앙리, 에파뉘!",2015-09-12 ~ 2015-10-07,
55,전시장,,한미키 개인전,2015-10-10 ~ 2015-10-17,
56,전시장,,발자취 65년의 흔적발표_임장수,2015-10-20 ~ 2015-10-28,
57,전시장,,수호 아트 콘서트,2015-10-31 ~ 2015-11-07,
58,전시장,,제34회 서울현대도예공모전,2015-11-12 ~ 2015-11-17,
59,전시장,,응축된 시간,2015-11-20 ~ 2015-11-27,
60,전시장,,예술의전당 아이스링크 - ICE DREAM,2015-12-05 ~ 2016-02-14,
61,전시장,,"세상을 바꾼 크리에이터, 스티브잡스 사진전",2015-12-10 ~ 2016-03-08,
0,전시장,미술,현대카드 컬처프로젝트 13 마리스칼 전,2013-12-07 ~ 2014-03-16,한가람미술관
1,전시장,,애니 레보비츠 사진전,2013-12-07 ~ 2014-03-04,한가람미술관
2,전시장,,예술대탐험,2013-12-21 ~ 2014-02-09,한가람미술관
3,전시장,,아트엔퍼니테리어 초대 2014 예술의전당展,2014-01-07 ~ 2014-01-13,한가람미술관
4,전시장,,다인다색전,2014-01-14 ~ 2014-01-20,한가람미술관
5,전시장,,그림의 난제들,2014-01-21 ~ 2014-01-28,한가람미술관
6,전시장,,제6회 예술의전당 작가스튜디오展,2014-02-06 ~ 2014-02-23,한가람미술관
7,전시장,,대한민국회화제,2014-02-12 ~ 2014-02-19,한가람미술관
8,전시장,,제2회 서울현대미술페스타,2014-02-22 ~ 2014-03-02,한가람미술관
9,전시장,,제10회 한국에그아트협회전,2014-02-26 ~ 2014-03-02,한가람미술관
10,전시장,,별별화첩지,2014-03-04 ~ 2014-03-10,한가람미술관
11,전시장,,2014규랑예술제,2014-03-05 ~ 2014-03-12,한가람미술관
12,전시장,,강덕성 개인전,2014-03-09 ~ 2014-03-16,한가람미술관
13,전시장,,누드를 통한 자연의 소리,2014-03-09 ~ 2014-03-17,한가람미술관
14,전시장,,내오전-PRESENT ( now & gift ),2014-03-11 ~ 2014-03-17,한가람미술관
15,전시장,,에이엔씨 아트 페스티벌2014,2014-03-15 ~ 2014-03-26,한가람미술관
16,전시장,,원영숙 개인전,2014-03-18 ~ 2014-03-24,한가람미술관
17,전시장,,임마누엘 書畵展,2014-03-19 ~ 2014-03-27,한가람미술관
18,전시장,,남궁원의 허수아비,2014-03-19 ~ 2014-03-27,한가람미술관
19,전시장,,문수영 개인전 <기표사회와 사잇사람>,2014-03-25 ~ 2014-04-03,한가람미술관
20,전시장,,일상충동,2014-03-28 ~ 2014-04-05,한가람미술관
21,전시장,,구상전 - 한국현대회화제,2014-03-29 ~ 2014-04-05,한가람미술관
22,전시장,,제19회 한국국제퀼트협회전,2014-04-05 ~ 2014-04-13,한가람미술관
23,전시장,,서울국제조각페스타 2014,2014-04-08 ~ 2014-04-13,한가람미술관
24,전시장,미술,황인혜 개인전,2014-04-15 ~ 2014-04-21,한가람미술관
25,전시장,,한국패션일러스트레이션협회 특별초대전,2014-04-26 ~ 2014-04-30,한가람미술관
26,전시장,,Fantasia Voyage,2014-05-03 ~ 2014-05-14,한가람미술관
27,전시장,미술,현대백화점 SUPER STAGE_쿠사마 야요이,2014-05-04 ~ 2014-06-17,한가람미술관
28,전시장,,31회 이청자 개인전,2014-05-15 ~ 2014-05-21,한가람미술관
29,전시장,,칠인 칠색전,2014-05-22 ~ 2014-05-28,한가람미술관
30,전시장,,"강두형, 정순희 개인전",2014-06-03 ~ 2014-06-09,한가람미술관
31,전시장,,감성과 색채전,2014-06-10 ~ 2014-06-16,한가람미술관
32,전시장,,제6회 배연화 개인전,2014-06-17 ~ 2014-06-23,한가람미술관
33,전시장,,"20세기, 위대한 화가들",2014-06-27 ~ 2014-09-17,한가람미술관
34,전시장,,히말라야 14좌 사진전 이창수 영원한 찰나,2014-06-28 ~ 2014-08-11,한가람미술관
35,전시장,미술,에드바르드 뭉크전,2014-07-03 ~ 2014-10-12,한가람미술관
36,전시장,,신기회테마전 옛것을 찾아서,2014-08-16 ~ 2014-08-24,한가람미술관
37,전시장,,제36회 중앙미술대전,2014-09-01 ~ 2014-09-10,한가람미술관
38,전시장,,제 6회 서울모던아트쇼,2014-09-17 ~ 2014-09-28,한가람미술관
39,전시장,,K - 아트 프로젝트,2014-09-22 ~ 2014-09-28,한가람미술관
40,전시장,,2014KPAM대한민국미술제,2014-10-02 ~ 2014-10-09,한가람미술관
41,전시장,,2014 MIAF_유네스코세계유산회화제,2014-10-13 ~ 2014-10-19,한가람미술관
42,전시장,,마니프서울국제아트페어,2014-10-22 ~ 2014-11-09,한가람미술관
43,전시장,,아트에디션 2014,2014-11-13 ~ 2014-11-16,한가람미술관
44,전시장,,박용인 회화 50년전,2014-11-19 ~ 2014-11-27,한가람미술관
45,전시장,,중앙대학교 사진학과 50주년 동문사진전,2014-11-20 ~ 2014-11-27,한가람미술관
46,전시장,미술,"인상파의 고향, 노르망디_ 유럽모던풍경화의 탄생",2014-11-22 ~ 2015-02-18,한가람미술관
47,전시장,미술,앵그르에서 칸딘스키까지,2014-11-25 ~ 2015-03-12,한가람미술관
48,전시장,,제 3회 저작걸이展,2014-11-30 ~ 2014-12-08,한가람미술관
49,전시장,,라틴아메리카 아트페어 서울 2014,2014-12-12 ~ 2014-12-16,한가람미술관
50,전시장,,블라디미르 쿠쉬전,2014-12-23 ~ 2015-04-05,한가람미술관
51,전시장,미술,피카소에서 제프쿤스까지,2013-12-12 ~ 2014-02-23,한가람디자인미술관
52,전시장,미술,인간위로 감성오브제 <스팀펑크아트>Steampunk Art,2014-03-08 ~ 2014-05-18,한가람디자인미술관
53,전시장,,첼리스트 양성원 사진전 앙천심관_仰天心觀,2014-03-29 ~ 2014-04-06,한가람디자인미술관
54,전시장,,가내구원(家內求援) - 일상의 치유소,2014-04-08 ~ 2014-04-15,한가람디자인미술관
55,전시장,,통영전통 나전칠기전,2014-04-18 ~ 2014-05-04,한가람디자인미술관
56,전시장,,유기은 개인전,2014-05-06 ~ 2014-05-15,한가람디자인미술관
57,전시장,,제 13 회 FOS COLLECTION,2014-05-17 ~ 2014-05-24,한가람디자인미술관
58,전시장,,디자인아트페어 2014,2014-05-23 ~ 2014-06-01,한가람디자인미술관
59,전시장,,박희성 포슬린아트전,2014-06-05 ~ 2014-06-16,한가람디자인미술관
60,전시장,,서울도자아트페어 2014,2014-06-06 ~ 2014-06-15,한가람디자인미술관
61,전시장,미술,"퓰리처상 사진전, Capture the Moment",2014-06-24 ~ 2014-09-14,한가람디자인미술관
62,전시장,,야생의 감성 (Wild Emotions),2014-09-18 ~ 2014-10-05,한가람디자인미술관
63,전시장,,로저멜로한국전,2014-09-19 ~ 2014-10-15,한가람디자인미술관
64,전시장,,제6회 뉴이탈리아영화예술제_영화사진과 조각,2014-09-19 ~ 2014-10-06,한가람디자인미술관
65,전시장,,GLITTERING MOMENT (반짝임),2014-10-08 ~ 2014-10-15,한가람디자인미술관
66,전시장,,2014 대한민국국제포토페스티벌,2014-10-08 ~ 2014-10-15,한가람디자인미술관
67,전시장,,박하나 개인전,2014-11-14 ~ 2014-11-23,한가람디자인미술관
68,전시장,,"2014 국제패션아트비엔날레_패션, 공간의 마술",2014-11-21 ~ 2014-11-29,한가람디자인미술관
69,전시장,,2015 표면 · 요소 디자인,2014-11-26 ~ 2014-12-03,한가람디자인미술관
70,전시장,,"프랑스 장식예술박물관 특별전 파리, 일상의 유혹",2014-12-13 ~ 2015-03-29,한가람디자인미술관
71,전시장,,제17회 신사임당이율곡서예대전,2014-02-27 ~ 2014-03-05,서울서예박물관
72,전시장,,동방서법탐원회전,2014-03-06 ~ 2014-03-12,서울서예박물관
73,전시장,,제15회 세종한글서예대전,2014-03-13 ~ 2014-03-19,서울서예박물관
74,전시장,,세계 고지도로 보는 동해전,2014-03-22 ~ 2014-04-06,서울서예박물관
75,전시장,,서예문인화초대작가전,2014-04-09 ~ 2014-04-18,서울서예박물관
76,전시장,,제26회 대한민국서예대전,2014-04-19 ~ 2014-04-30,서울서예박물관
77,전시장,,제18회 서울서예대전,2014-05-02 ~ 2014-05-08,서울서예박물관
78,전시장,,제11회 대한민국서각대전,2014-05-10 ~ 2014-05-14,서울서예박물관
79,전시장,,제15회대한민국문인화대전,2014-05-16 ~ 2014-05-23,서울서예박물관
80,전시장,,제22회대한민국서예전람회,2014-05-24 ~ 2014-05-31,서울서예박물관
81,전시장,,최치원 풍류(風流) 탄생,2014-07-30 ~ 2014-10-12,서울서예박물관
82,전시장,,서예박물관 리모델링 기금마련을 위한 아트옥션'서로 書로,2014-11-14 ~ 2014-11-26,서울서예박물관
83,전시장,,영청 Young Chung 전,2013-12-28 ~ 2014-01-06,
84,전시장,,"허길량의 두번째 전시,소나무 비천(飛天) 되어",2014-01-08 ~ 2014-01-16,
85,전시장,,구스타프 클림트와 에곤 쉴레 레플리카 명화전,2014-01-18 ~ 2014-03-10,
86,전시장,,예술의전당 미술영재 아카데미 작품평가전,2014-03-15 ~ 2014-03-23,
87,전시장,,김주희 사진전_In Dreams,2014-03-26 ~ 2014-04-03,
88,전시장,,제19회 한국국제퀼트협회전,2014-04-05 ~ 2014-04-13,
89,전시장,,2014 쇼나조각전시회,2014-04-16 ~ 2014-04-23,
90,전시장,,연파 신현철 도자예술 2014,2014-04-26 ~ 2014-05-08,
91,전시장,,나무로 엮은 선과 공간의 미,2014-05-11 ~ 2014-05-18,
92,전시장,,디자인아트페어 2014,2014-05-23 ~ 2014-06-01,
93,전시장,,ARTinKOREA Special Exhibition,2014-06-04 ~ 2014-06-15,
94,전시장,,이동협전 “이씨산수7”,2014-06-20 ~ 2014-06-29,
95,전시장,,"이탈리아 대표 디자이너 안나질리, 애니멀러브展",2014-07-05 ~ 2014-07-30,
96,전시장,,제22회 아시테지 국제여름축제_<페기와 데리>,2014-07-22 ~ 2014-07-26,
97,전시장,,홍승엽의 나무와 바람 소나무 흔들어 하늘을 닦는다,2014-08-02 ~ 2014-09-13,
98,전시장,,조영남 현대미술전,2014-08-03 ~ 2014-08-24,
99,전시장,,세라믹 컨버젼스 2014,2014-08-27 ~ 2014-09-03,
100,전시장,,"한가위, Art가 맛있다",2014-09-06 ~ 2014-09-15,
101,전시장,미술,"여인, 꽃보다 진하게. 알랭 본느푸와 전",2014-09-19 ~ 2014-10-05,
102,전시장,,제16회 한국섬유미술비엔날레,2014-10-09 ~ 2014-10-15,
103,전시장,,정민수 개인전,2014-10-17 ~ 2014-10-26,
104,전시장,,제11회 대한민국 환경조경대전,2014-10-28 ~ 2014-11-04,
105,전시장,,사)대한민국기능전승자회 정기회원전,2014-11-07 ~ 2014-11-15,
106,전시장,,중국서예명가 예페이꾸이 및 양위뢰 개인전,2014-11-17 ~ 2014-11-27,
107,전시장,서예,제53회 갈물한글서회 회원전(부결-등록금지),2014-11-22 ~ 2014-11-27,
108,전시장,,국제현대미술관 박찬갑 설치전,2014-11-29 ~ 2014-12-06,
109,전시장,,제33회 서울현대도예공모전,2014-12-12 ~ 2014-12-19,
110,전시장,,이정은개인전,2014-12-23 ~ 2014-12-30,
0,전시장,미술,현대미술과 빛 - 빛나는 미술관 展,2012-12-07 ~ 2013-01-27,한가람미술관
1,전시장,미술,바티칸 박물관전,2012-12-08 ~ 2013-03-31,한가람미술관
2,전시장,,미국 인상주의 한국특별전 - 한미수교 130주년 기념,2012-12-22 ~ 2013-03-29,한가람미술관
3,전시장,,제5회 예술의전당 작가스튜디오展 - 차이들의 동행,2013-01-31 ~ 2013-02-20,한가람미술관
4,전시장,,세계의 스타전,2013-02-02 ~ 2013-02-27,한가람미술관
5,전시장,,김상호 도자전,2013-02-22 ~ 2013-02-27,한가람미술관
6,전시장,,제18회 한국국제퀼트협회전,2013-03-01 ~ 2013-03-11,한가람미술관
7,전시장,,2013 SMAF서울현대미술페스타,2013-03-02 ~ 2013-03-17,한가람미술관
8,전시장,,이정훈 투각도자기전,2013-03-12 ~ 2013-03-24,한가람미술관
9,전시장,,150인의 다양한 시선전 (2013 일원회 정기대작전),2013-03-20 ~ 2013-03-28,한가람미술관
10,전시장,,즐거운 그림읽기 - 각양각색展,2013-03-25 ~ 2013-03-31,한가람미술관
11,전시장,,2013 제5회 서울모던아트쇼,2013-04-02 ~ 2013-04-07,한가람미술관
12,전시장,,권 기홍 손 뜨개 조형 전,2013-04-05 ~ 2013-04-15,한가람미술관
13,전시장,,우제길개인전 기획전시,2013-04-06 ~ 2013-04-16,한가람미술관
14,전시장,,명지대학교 도자기기술학과 동문전,2013-04-10 ~ 2013-04-17,한가람미술관
15,전시장,미술,<조르쥬 루쓰_Georges Rousse 공간.픽션.사진>전,2013-04-15 ~ 2013-05-25,한가람미술관
16,전시장,,선禪-2013 (법관스님 개인전),2013-04-19 ~ 2013-04-26,한가람미술관
17,전시장,,한국 마에스트로 바이올린 제작가 협회 악기 전시회,2013-04-19 ~ 2013-04-28,한가람미술관
18,전시장,,전래식 개인전,2013-04-20 ~ 2013-04-28,한가람미술관
19,전시장,,구상전,2013-04-20 ~ 2013-05-01,한가람미술관
20,전시장,,9회 이석보 개인전,2013-05-01 ~ 2013-05-08,한가람미술관
21,전시장,,서울국제조각페스타 2013,2013-05-04 ~ 2013-05-14,한가람미술관
22,전시장,,Bird's-eye view(조감도) - 임은정 개인전,2013-05-09 ~ 2013-05-15,한가람미술관
23,전시장,,<예술-영원한 빛> 서울예술고등학교 개교 60주년 특별전,2013-05-18 ~ 2013-05-25,한가람미술관
24,전시장,,장인선 개인전 'I see you',2013-05-19 ~ 2013-05-25,한가람미술관
25,전시장,,황문성 3회 개인전,2013-05-27 ~ 2013-06-02,한가람미술관
26,전시장,,KPAM 대한민국 미술제,2013-05-29 ~ 2013-06-04,한가람미술관
27,전시장,,아리랑 감성전,2013-06-03 ~ 2013-06-09,한가람미술관
28,전시장,,"김과장, 전시장 가는 날",2013-06-06 ~ 2013-06-21,한가람미술관
29,전시장,,이동협전,2013-06-10 ~ 2013-06-16,한가람미술관
30,전시장,미술,디지털 명화 오디세이 - 시크릿뮤지엄,2013-06-12 ~ 2013-09-22,한가람미술관
31,전시장,,1970년에 두고온 시간들(박종진),2013-06-19 ~ 2013-06-24,한가람미술관
32,전시장,,여자들의 화 요일,2013-06-25 ~ 2013-07-01,한가람미술관
33,전시장,,한국미술협회전,2013-06-25 ~ 2013-06-30,한가람미술관
34,전시장,,시선의온도(The temperature of gaze),2013-07-02 ~ 2013-07-08,한가람미술관
35,전시장,,"다시부는바람(국제현대미술제,9개국)",2013-07-03 ~ 2013-07-10,한가람미술관
36,전시장,미술,알폰스 무하 : 아르누보와 유토피아展,2013-07-11 ~ 2013-09-22,한가람미술관
37,전시장,,2013 한국천연염색작가협회전,2013-07-12 ~ 2013-07-17,한가람미술관
38,전시장,,대한민국미술 K-아트 프로젝트,2013-07-13 ~ 2013-07-20,한가람미술관
39,전시장,,조기정 사진 작품전,2013-07-18 ~ 2013-07-24,한가람미술관
40,전시장,,김혜선 개인전- 꿈에 대한 명상,2013-07-25 ~ 2013-07-31,한가람미술관
41,전시장,미술,2013 미술과놀이 - 놀이시작,2013-07-26 ~ 2013-08-25,한가람미술관
42,전시장,,조동원 개인전,2013-08-01 ~ 2013-08-07,한가람미술관
43,전시장,,lux et sonitus - continuus,2013-08-09 ~ 2013-08-14,한가람미술관
44,전시장,,Co-Co 전,2013-08-19 ~ 2013-09-02,한가람미술관
45,전시장,,김종옥 개인전,2013-09-04 ~ 2013-09-09,한가람미술관
46,전시장,,제35회 중앙미술대전,2013-09-05 ~ 2013-09-15,한가람미술관
47,전시장,,2013 창조회,2013-09-10 ~ 2013-09-16,한가람미술관
48,전시장,,구숙현-로고스 그림展,2013-09-18 ~ 2013-09-24,한가람미술관
49,전시장,,이대원 개인전,2013-09-21 ~ 2013-09-29,한가람미술관
50,전시장,,마니프서울국제아트페어,2013-09-28 ~ 2013-10-13,한가람미술관
51,전시장,,"이종숙, 남궁혜영 개인전",2013-10-01 ~ 2013-10-08,한가람미술관
52,전시장,,연세화우회 창립 45주년 기념 작품전,2013-10-09 ~ 2013-10-16,한가람미술관
53,전시장,,코리아 투모로우,2013-10-16 ~ 2013-10-27,한가람미술관
54,전시장,,거북이걸음전,2013-10-17 ~ 2013-10-23,한가람미술관
55,전시장,미술,마리오 테스티노전,2013-10-19 ~ 2013-11-30,한가람미술관
56,전시장,,남은숙 개인전,2013-10-24 ~ 2013-10-30,한가람미술관
57,전시장,,심수구 개인전,2013-10-30 ~ 2013-11-06,한가람미술관
58,전시장,,동서양의 동행,2013-10-30 ~ 2013-11-06,한가람미술관
59,전시장,,이베로 아메리칸 아트페어 서울 2013,2013-10-30 ~ 2013-11-03,한가람미술관
60,전시장,,박하나 개인전,2013-10-31 ~ 2013-11-06,한가람미술관
61,전시장,,김동영 개인전,2013-11-07 ~ 2013-11-14,한가람미술관
62,전시장,,2013 목우국제구상미술제,2013-11-07 ~ 2013-11-13,한가람미술관
63,전시장,,함 섭 한지 작품전,2013-11-09 ~ 2013-11-17,한가람미술관
64,전시장,,이현 개인전,2013-11-09 ~ 2013-11-17,한가람미술관
65,전시장,,"김옥희전,이신애전",2013-11-15 ~ 2013-11-21,한가람미술관
66,전시장,,제3회 FIBER ART FAIR,2013-11-16 ~ 2013-11-21,한가람미술관
67,전시장,,홍용선 고희기념전,2013-11-19 ~ 2013-11-27,한가람미술관
68,전시장,,김윤숙 개인전 - 자연과 자유,2013-11-22 ~ 2013-11-28,한가람미술관
69,전시장,,기산 정명희전,2013-11-23 ~ 2013-12-01,한가람미술관
70,전시장,미술,김기룡 15회 개인전,2013-11-29 ~ 2013-12-05,한가람미술관
71,전시장,,이영준 PEN ART展,2013-12-04 ~ 2013-12-11,한가람미술관
72,전시장,,하철경 개인전,2013-12-04 ~ 2013-12-11,한가람미술관
73,전시장,,세섬전,2013-12-06 ~ 2013-12-12,한가람미술관
74,전시장,미술,현대카드 컬처프로젝트 13 마리스칼 전,2013-12-07 ~ 2014-03-16,한가람미술관
75,전시장,,애니 레보비츠 사진전,2013-12-07 ~ 2014-03-04,한가람미술관
76,전시장,,서울교원 미술대전,2013-12-14 ~ 2013-12-19,한가람미술관
77,전시장,,예술대탐험,2013-12-21 ~ 2014-02-09,한가람미술관
78,전시장,,김선영 개인전,2013-12-23 ~ 2013-12-29,한가람미술관
79,전시장,미술,반고흐 in 파리,2012-11-08 ~ 2013-03-24,한가람디자인미술관
80,전시장,,반고흐 in 파리(취소),2013-01-01 ~ 2013-03-24,한가람디자인미술관
81,전시장,,"세계 팝업 아트展, World Pop-Up Art",2013-03-31 ~ 2013-05-19,한가람디자인미술관
82,전시장,,逅 (만날 후),2013-04-05 ~ 2013-04-19,한가람디자인미술관
83,전시장,,투박한솜씨,2013-04-21 ~ 2013-04-28,한가람디자인미술관
84,전시장,,이미지와 텍스추어,2013-05-02 ~ 2013-05-08,한가람디자인미술관
85,전시장,,"S PEN, 손맛의 감각",2013-05-23 ~ 2013-06-06,한가람디자인미술관
86,전시장,,디자인아트페어 2013,2013-05-23 ~ 2013-06-02,한가람디자인미술관
87,전시장,미술,현대카드 컬처프로젝트 11 스튜디오 지브리 레이아웃 展,2013-06-22 ~ 2013-09-22,한가람디자인미술관
88,전시장,미술,피카소 고향으로부터의 방문,2013-10-01 ~ 2013-11-24,한가람디자인미술관
89,전시장,,존재의 심연으로,2013-10-08 ~ 2013-10-17,한가람디자인미술관
90,전시장,,황세진 개인전,2013-10-19 ~ 2013-10-26,한가람디자인미술관
91,전시장,,김주형 텍스타일전,2013-10-30 ~ 2013-11-10,한가람디자인미술관
92,전시장,,조예령 개인전,2013-11-18 ~ 2013-11-24,한가람디자인미술관
93,전시장,미술,피카소에서 제프쿤스까지,2013-12-12 ~ 2014-02-23,한가람디자인미술관
94,전시장,,제32회 서울현대도예공모전,2013-12-18 ~ 2013-12-25,한가람디자인미술관
95,전시장,,홍재범전,2013-02-27 ~ 2013-03-05,서울서예박물관
96,전시장,,심은 전정우전,2013-03-08 ~ 2013-03-31,서울서예박물관
97,전시장,미술,현대미술과서예 시리즈 <그리기와 쓰기의 접점에서>,2013-04-06 ~ 2013-05-05,서울서예박물관
98,전시장,,제14회세종한글서예대전,2013-05-08 ~ 2013-05-14,서울서예박물관
99,전시장,,제25회 대한민국서예대전,2013-05-15 ~ 2013-05-26,서울서예박물관
100,전시장,,제32회 대한민국미술대전 문인화부문,2013-05-28 ~ 2013-06-04,서울서예박물관
101,전시장,,2013 대한민국미술대전 서예초대작가전,2013-06-05 ~ 2013-06-11,서울서예박물관
102,전시장,,제14회 대한민국 문인화 대전,2013-06-12 ~ 2013-06-22,서울서예박물관
103,전시장,,제21회대한민국서예전람회,2013-06-23 ~ 2013-06-30,서울서예박물관
104,전시장,,제10회 대한민국 서각대전 및 초대작가전,2013-07-03 ~ 2013-07-08,서울서예박물관
105,전시장,,제16회 신사임당.이율곡서예대전,2013-07-09 ~ 2013-07-15,서울서예박물관
106,전시장,,제19회 대한민국서도대전,2013-07-17 ~ 2013-07-22,서울서예박물관
107,전시장,,제22회 한국현대서예문인화협회 공모전,2013-07-24 ~ 2013-07-30,서울서예박물관
108,전시장,,제32회 대한민국미술대전 서예부문,2013-07-31 ~ 2013-08-11,서울서예박물관
109,전시장,,"제30회 탁본전람회, 조선이 사랑한 글씨",2013-08-02 ~ 2013-08-16,서울서예박물관
110,전시장,,제18회 서울서예대전,2013-08-23 ~ 2013-08-28,서울서예박물관
111,전시장,,성철스님 열반 20주기 추모 특별초대전,2013-08-30 ~ 2013-09-15,서울서예박물관
112,전시장,,장금정 사발전,2013-09-04 ~ 2013-09-29,서울서예박물관
113,전시장,,길정본 나전(螺鈿) 공예,2013-09-26 ~ 2013-10-06,서울서예박물관
114,전시장,,아름다운 한글 서예 아리랑 전,2013-10-19 ~ 2013-10-31,서울서예박물관
115,전시장,,제52회 갈물한글서회전,2013-11-01 ~ 2013-11-08,서울서예박물관
116,전시장,,이람청전각서예전시회,2013-11-15 ~ 2013-12-08,서울서예박물관
117,전시장,,서예아카데미 교육평가전,2013-12-12 ~ 2013-12-31,서울서예박물관
118,전시장,,나만의 빛나는 과자집 만들기 체험,2012-12-16 ~ 2013-01-27,
119,전시장,,제18회 한국국제퀼트협회전,2013-03-01 ~ 2013-03-11,
120,전시장,,2013 예술의전당 미술영재아카데미 작품평가展 (1부),2013-03-15 ~ 2013-03-17,
121,전시장,,2013 예술의전당 미술영재아카데미 작품평가展 (2부),2013-03-22 ~ 2013-03-24,
122,전시장,,위대한 민족문화유산 고려화불,2013-04-02 ~ 2013-04-13,
123,전시장,,북극곰 남극에 가다,2013-04-19 ~ 2013-05-15,
124,전시장,,조르쥬 루쓰전 체험교실 - 아나모르포즈,2013-05-04 ~ 2013-05-25,
125,전시장,,디자인아트페어 2013 Best of Best,2013-06-06 ~ 2013-06-16,
126,전시장,,명성황후展,2013-07-06 ~ 2013-08-29,
127,전시장,,2013 미술과놀이 체험프로그램 놀이탐험대,2013-07-26 ~ 2013-08-25,
128,전시장,,한국패션일러스트레이션협회 특별초대전,2013-09-02 ~ 2013-09-09,
129,전시장,미술,"청춘, 물들다. 미셸 앙리(MICHEL-HENRY) 展",2013-09-12 ~ 2013-10-10,
130,전시장,,심수관 도예전,2013-10-14 ~ 2013-10-26,
131,전시장,,제10회 대한민국 환경조경대전,2013-10-29 ~ 2013-11-06,
132,전시장,,"두자령(杜滋齡), 양위뢰(楊衛磊) 연합전",2013-11-09 ~ 2013-11-20,
133,전시장,,아프리카의 영혼展,2013-11-27 ~ 2013-12-12,
134,전시장,,영청 Young Chung 전,2013-12-28 ~ 2014-01-06,
0,전시장,,스키타이 황금문명전,2011-12-01 ~ 2012-02-26,한가람미술관
1,전시장,,해외작가초대전 놀이의 순간,2011-12-22 ~ 2012-02-15,한가람미술관
2,전시장,,매그넘 세계순회사진展-생명의 기적,2011-12-23 ~ 2012-03-04,한가람미술관
3,전시장,,해외작가초대전 - 놀이의 순간,2012-01-01 ~ 2012-01-29,한가람미술관
4,전시장,,제4회 예술의전당 작가스튜디오展 <소통과 불통>,2012-02-01 ~ 2012-02-20,한가람미술관
5,전시장,,신 현 국 전 (申 鉉 國 展),2012-02-22 ~ 2012-03-01,한가람미술관
6,전시장,,SAC Tutors 2012: 성인미술아카데미 강사展,2012-02-23 ~ 2012-03-05,한가람미술관
7,전시장,,임효 전,2012-03-06 ~ 2012-03-13,한가람미술관
8,전시장,,한국 국제 드로잉전,2012-03-06 ~ 2012-03-13,한가람미술관
9,전시장,,권녕호전,2012-03-07 ~ 2012-03-13,한가람미술관
10,전시장,,(사)한국수채화협회전,2012-03-07 ~ 2012-03-13,한가람미술관
11,전시장,,SAC TUTORS 2012: 어린이미술아카데미 강사展,2012-03-16 ~ 2012-03-30,한가람미술관
12,전시장,,한국 현대공예 아트페스티벌,2012-03-17 ~ 2012-03-21,한가람미술관
13,전시장,,오용길 작품전,2012-03-27 ~ 2012-04-03,한가람미술관
14,전시장,,제39회 춘추회 정기전,2012-03-27 ~ 2012-04-03,한가람미술관
15,전시장,,사단법인 한국여류화가협회 40주년전,2012-03-27 ~ 2012-04-03,한가람미술관
16,전시장,,나는 누구인가? 박찬갑 전,2012-04-04 ~ 2012-04-11,한가람미술관
17,전시장,,서울국제조각페스타 2012,2012-04-07 ~ 2012-04-13,한가람미술관
18,전시장,,제12회 한국현대미술제,2012-04-18 ~ 2012-04-22,한가람미술관
19,전시장,,세섬전,2012-04-19 ~ 2012-04-24,한가람미술관
20,전시장,,오당 안동숙 회고전,2012-04-25 ~ 2012-05-03,한가람미술관
21,전시장,,2012 제30회 (사)대한민국수채화작가협회 정기전,2012-04-25 ~ 2012-05-03,한가람미술관
22,전시장,,2012 규랑예술제,2012-04-25 ~ 2012-05-03,한가람미술관
23,전시장,,제9회 한국에그아트협회전,2012-04-27 ~ 2012-05-01,한가람미술관
24,전시장,,제17회 한국국제 퀼트협회전,2012-05-03 ~ 2012-05-10,한가람미술관
25,전시장,,"김과장, 전시장 가는 날",2012-05-08 ~ 2012-05-20,한가람미술관
26,전시장,미술,박부원 50주년 도자전,2012-05-23 ~ 2012-05-31,한가람미술관
27,전시장,,아트뉴웨이브 - 아름다운산하전,2012-05-23 ~ 2012-05-31,한가람미술관
28,전시장,,제2회 저작걸이展,2012-05-23 ~ 2012-05-31,한가람미술관
29,전시장,,창의융합스쿨 '아트세븐7',2012-06-03 ~ 2012-08-31,한가람미술관
30,전시장,,2012 루브르박물관전,2012-06-05 ~ 2012-09-30,한가람미술관
31,전시장,,구상전,2012-06-05 ~ 2012-06-12,한가람미술관
32,전시장,,2012 목우국제구상미술제,2012-06-16 ~ 2012-06-22,한가람미술관
33,전시장,,SAC ARTIST 초대전Ⅰ,2012-06-26 ~ 2012-07-22,한가람미술관
34,전시장,,SAC ARTIST 초대전Ⅱ,2012-06-26 ~ 2012-07-11,한가람미술관
35,전시장,,제2회 파이낸셜뉴스 미술 공모전,2012-06-30 ~ 2012-07-21,한가람미술관
36,전시장,,영혼의 소리,2012-07-14 ~ 2012-07-21,한가람미술관
37,전시장,,2012크라운 해태제과와 함께하는 미술과놀이-동물의 사육제,2012-07-27 ~ 2012-08-26,한가람미술관
38,전시장,,한국패션일러스트레이션협회 특별초대전,2012-09-03 ~ 2012-09-10,한가람미술관
39,전시장,,CONTEMPORARY10 정기전,2012-09-05 ~ 2012-09-12,한가람미술관
40,전시장,,제34회 중앙미술대전,2012-09-05 ~ 2012-09-14,한가람미술관
41,전시장,,제15회 한국 섬유미술 비엔날레,2012-09-05 ~ 2012-09-12,한가람미술관
42,전시장,,구혜선 개인전,2012-09-18 ~ 2012-09-23,한가람미술관
43,전시장,,제46회 한국미술협회 정기회원전,2012-09-19 ~ 2012-09-26,한가람미술관
44,전시장,,안봉균 전,2012-09-26 ~ 2012-10-09,한가람미술관
45,전시장,,제18회 마니프서울국제아트페어,2012-10-09 ~ 2012-10-21,한가람미술관
46,전시장,,여류 수채화3인전,2012-10-12 ~ 2012-10-16,한가람미술관
47,전시장,,김은경 개인전/양원희 개인전,2012-10-20 ~ 2012-10-24,한가람미술관
48,전시장,,2012 KPAM 대한민국미술제,2012-10-24 ~ 2012-10-31,한가람미술관
49,전시장,,박은호(古河) 팔순 기념전,2012-10-27 ~ 2012-11-02,한가람미술관
50,전시장,,이두영 팔순회고전,2012-11-04 ~ 2012-11-10,한가람미술관
51,전시장,,KOREA TOMORROW 2012,2012-11-04 ~ 2012-11-14,한가람미술관
52,전시장,,이헌국 도예 40주년 기념展,2012-11-04 ~ 2012-11-10,한가람미술관
53,전시장,,김경숙 개인전,2012-11-04 ~ 2012-11-08,한가람미술관
54,전시장,,Putting an uncommon day in the vessel,2012-11-10 ~ 2012-11-15,한가람미술관
55,전시장,,이베로 아메리칸 아트페어 서울 2012,2012-11-15 ~ 2012-11-19,한가람미술관
56,전시장,,Heel - 그림의 세계로 들어가다.,2012-11-16 ~ 2012-11-22,한가람미술관
57,전시장,,세계열린미술대축제,2012-11-17 ~ 2012-11-29,한가람미술관
58,전시장,,서울 컨템포러리 아트스타전,2012-11-17 ~ 2012-11-27,한가람미술관
59,전시장,,이상하 전,2012-11-20 ~ 2012-11-28,한가람미술관
60,전시장,,김지현 개인전,2012-11-23 ~ 2012-11-30,한가람미술관
61,전시장,,대한민국회화제,2012-11-23 ~ 2012-12-01,한가람미술관
62,전시장,,다인다색전,2012-12-01 ~ 2012-12-07,한가람미술관
63,전시장,,길 위에서 그리다,2012-12-02 ~ 2012-12-14,한가람미술관
64,전시장,,박노경개인전-빛의 형상들,2012-12-03 ~ 2012-12-09,한가람미술관
65,전시장,미술,현대미술과 빛 - 빛나는 미술관 展,2012-12-07 ~ 2013-01-27,한가람미술관
66,전시장,,이청자 28회 개인전,2012-12-08 ~ 2012-12-14,한가람미술관
67,전시장,미술,바티칸 박물관전,2012-12-08 ~ 2013-03-31,한가람미술관
68,전시장,,기김진호 작품전,2012-12-15 ~ 2012-12-21,한가람미술관
69,전시장,,김성달 개인전 - 유기적 개체 有機的 個體,2012-12-22 ~ 2012-12-28,한가람미술관
70,전시장,,미국 인상주의 한국특별전 - 한미수교 130주년 기념,2012-12-22 ~ 2013-03-29,한가람미술관
71,전시장,,데이비드 라샤펠 한국특별전,2011-11-22 ~ 2012-03-04,한가람디자인미술관
72,전시장,,핀란드 디자인,2012-03-17 ~ 2012-04-14,한가람디자인미술관
73,전시장,,Design & Art Fair 2012,2012-04-21 ~ 2012-04-29,한가람디자인미술관
74,전시장,,"페이퍼로드, 紙的想像의 길",2012-05-05 ~ 2012-05-21,한가람디자인미술관
75,전시장,,"에펠탑의 페인트공, 마크 리부 사진展",2012-05-26 ~ 2012-08-05,한가람디자인미술관
76,전시장,,내셔널 지오그래픽展,2012-08-11 ~ 2012-10-14,한가람디자인미술관
77,전시장,,박훈일사진전,2012-10-16 ~ 2012-10-25,한가람디자인미술관
78,전시장,,STREET LIFE IN CALIFORNIA,2012-10-31 ~ 2012-11-07,한가람디자인미술관
79,전시장,미술,반고흐 in 파리,2012-11-08 ~ 2013-03-24,한가람디자인미술관
80,전시장,,조동업 자연감통작품전,2012-11-10 ~ 2012-11-22,한가람디자인미술관
81,전시장,,기분이 좋아지는 그림전,2012-11-24 ~ 2012-12-03,한가람디자인미술관
82,전시장,,백두대간전시,2012-12-04 ~ 2012-12-13,한가람디자인미술관
83,전시장,,2012년 아트클레이 회원전 사계,2012-12-15 ~ 2012-12-23,한가람디자인미술관
84,전시장,,안녕하세요! 조선천재화가님,2011-12-23 ~ 2012-03-04,서울서예박물관
85,전시장,,한국 서예사 특별전 30-김생1300[1부/筆神],2011-12-24 ~ 2012-03-04,서울서예박물관
86,전시장,,제23회 대한민국서법예술대전,2012-03-06 ~ 2012-03-12,서울서예박물관
87,전시장,,"제15회 신사임당,이율곡서예대전",2012-03-13 ~ 2012-03-19,서울서예박물관
88,전시장,,제9회 서예문화대전,2012-03-20 ~ 2012-03-26,서울서예박물관
89,전시장,,한국 서예사 특별전 30-김생1300[2부/聞道],2012-04-01 ~ 2012-04-29,서울서예박물관
90,전시장,,제13회 세종한글서예대전,2012-05-01 ~ 2012-05-07,서울서예박물관
91,전시장,,제10회한국문인화협회전,2012-05-09 ~ 2012-05-15,서울서예박물관
92,전시장,,붓으로 교육을 말하다.,2012-05-09 ~ 2012-05-15,서울서예박물관
93,전시장,,2012 초대작가전,2012-05-16 ~ 2012-05-22,서울서예박물관
94,전시장,,제31회 대한민국미술대전 문인화부문전시,2012-05-24 ~ 2012-05-30,서울서예박물관
95,전시장,,제31회 대한민국미술대전 서예부문 전시,2012-06-01 ~ 2012-06-07,서울서예박물관
96,전시장,,제5회 한중한묵전,2012-06-09 ~ 2012-06-15,서울서예박물관
97,전시장,,한국서예사 특별전 31 - 다산 정약용 탄생250주년,2012-06-16 ~ 2012-07-22,서울서예박물관
98,전시장,,2012 한국목판 특별전,2012-06-27 ~ 2012-07-22,서울서예박물관
99,전시장,,제24회 대한민국서예대전,2012-07-24 ~ 2012-08-01,서울서예박물관
100,전시장,,제9회 대한민국서각대전 및 초대작가전,2012-08-02 ~ 2012-08-08,서울서예박물관
101,전시장,,제18회 대한민국서도대전,2012-08-09 ~ 2012-08-15,서울서예박물관
102,전시장,,동방서법탐원회총회전,2012-08-16 ~ 2012-08-22,서울서예박물관
103,전시장,,사단법인 한국서예협회 서울특별시지회,2012-08-23 ~ 2012-08-29,서울서예박물관
104,전시장,,제17회 동연회전,2012-08-30 ~ 2012-09-05,서울서예박물관
105,전시장,,2012 한국서예 명가전,2012-10-02 ~ 2012-10-07,서울서예박물관
106,전시장,,제51회갈물한글서회전,2012-10-08 ~ 2012-10-15,서울서예박물관
107,전시장,,송하 백영일전,2012-10-17 ~ 2012-10-26,서울서예박물관
108,전시장,,제20회대한민국서예전람회,2012-10-27 ~ 2012-11-02,서울서예박물관
109,전시장,,제8회 사단법인 한국서예협회 초대작가전,2012-11-03 ~ 2012-11-09,서울서예박물관
110,전시장,,제13회대한민국문인화대전 및 초대작가전,2012-11-10 ~ 2012-11-20,서울서예박물관
111,전시장,,제21회 한국현대서예문인화협회 공모전,2012-11-21 ~ 2012-11-27,서울서예박물관
112,전시장,,한국서도 대표작가 초대전,2012-11-29 ~ 2012-12-04,서울서예박물관
113,전시장,,서예아카데미 평가전,2012-12-07 ~ 2012-12-23,서울서예박물관
114,전시장,,Chocolate The Exhibition_동화나라 초콜릿이야기,2011-12-12 ~ 2012-03-03,
115,전시장,,스키타이황금문명전 - 어린이 체험교실,2012-01-04 ~ 2012-01-27,
116,전시장,,"2011학년 영재 평가展 ""날개를 펴다""",2012-03-09 ~ 2012-03-28,
117,전시장,,建築師 류춘수의 閑談과 드로잉展,2012-04-03 ~ 2012-04-17,
118,전시장,,제17회 한국국제 퀼트협회전,2012-05-03 ~ 2012-05-10,
119,전시장,,미술관사파리,2012-05-17 ~ 2012-07-27,
120,전시장,,2012 미술과놀이전 - 동물의 사육제 체험교실,2012-07-27 ~ 2012-08-26,
121,전시장,,세계보도사진전,2012-07-31 ~ 2012-08-26,
122,전시장,미술,스티브 맥커리 사진전,2012-09-12 ~ 2012-10-21,
123,전시장,,제9회 대한민국 조경대전,2012-10-23 ~ 2012-10-31,
124,전시장,,중요무형문화재 제55호 소목장 박명배의 전통목가구전(藝作),2012-11-04 ~ 2012-11-16,
125,전시장,,알랭 본느푸와 (Alain Bonnefoit) 초대전,2012-11-18 ~ 2012-12-02,
126,전시장,,연파미소2012 (도자와 미디어아트의 만남),2012-12-05 ~ 2012-12-13,
127,전시장,,나만의 빛나는 과자집 만들기 체험,2012-12-16 ~ 2013-01-27,
0,전시장,,프랑스 국립 베르사이유 특별전,2010-11-05 ~ 2011-03-06,한가람미술관
1,전시장,,월드스타 인 컨템퍼러리아트,2010-12-18 ~ 2011-02-25,한가람미술관
2,전시장,,예술의전당 소장작품전(사진),2011-01-04 ~ 2011-01-08,한가람미술관
3,전시장,,이승오 작품전,2011-01-10 ~ 2011-01-26,한가람미술관
4,전시장,,"제3회 예술의전당 작가스튜디오전 - 지금,여기에서",2011-01-28 ~ 2011-02-21,한가람미술관
5,전시장,,"이현 개인전 ""지중해의 빛-꿈""",2011-02-23 ~ 2011-03-07,한가람미술관
6,전시장,,한국화 옛뜰에 서다,2011-03-04 ~ 2011-03-11,한가람미술관
7,전시장,,2011 한국국제드로잉전,2011-03-04 ~ 2011-03-13,한가람미술관
8,전시장,,아카데미아(Academia) 23인전,2011-03-16 ~ 2011-03-31,한가람미술관
9,전시장,,"한국현대미술제 ""KCAF""",2011-03-18 ~ 2011-03-27,한가람미술관
10,전시장,,2011 MIAF 목우회 국제구상아트페어,2011-04-01 ~ 2011-04-07,한가람미술관
11,전시장,,언양도예 김춘헌전,2011-04-01 ~ 2011-04-11,한가람미술관
12,전시장,,서울 국제조각페스타 2011,2011-04-12 ~ 2011-04-18,한가람미술관
13,전시장,,울산부부도예가회전,2011-04-13 ~ 2011-04-17,한가람미술관
14,전시장,,하태심 개인전(Taeshim Hah-Recent Work),2011-04-19 ~ 2011-04-24,한가람미술관
15,전시장,,현대미술의 루트전,2011-04-21 ~ 2011-04-29,한가람미술관
16,전시장,,숨결새별 그림잔치(개인전),2011-04-21 ~ 2011-04-29,한가람미술관
17,전시장,,제29회 대한민국수채화협회 정기전,2011-04-21 ~ 2011-04-29,한가람미술관
18,전시장,,제8회 한국에그아트협회전,2011-04-27 ~ 2011-05-02,한가람미술관
19,전시장,,김과장 전시장 가는 날,2011-05-03 ~ 2011-05-15,한가람미술관
20,전시장,,방관자의 공연 - 한중일 현대사진전,2011-05-05 ~ 2011-05-22,한가람미술관
21,전시장,,신작전회 정기전 '300호전',2011-05-19 ~ 2011-05-26,한가람미술관
22,전시장,,한국현대도예가회정기전,2011-05-19 ~ 2011-05-26,한가람미술관
23,전시장,,안인근개인전,2011-05-19 ~ 2011-05-26,한가람미술관
24,전시장,,아트 뉴 웨이브-아름다운 물길전,2011-05-19 ~ 2011-05-28,한가람미술관
25,전시장,,도자기와 회화의 만남,2011-05-25 ~ 2011-05-29,한가람미술관
26,전시장,,행복한 畵요일,2011-06-02 ~ 2011-06-07,한가람미술관
27,전시장,,현대사진의 향연-지구상상展,2011-06-02 ~ 2011-08-15,한가람미술관
28,전시장,,새 생명전,2011-06-02 ~ 2011-06-08,한가람미술관
29,전시장,,오르세미술관전,2011-06-04 ~ 2011-09-29,한가람미술관
30,전시장,,보이지 않는 세계,2011-06-09 ~ 2011-06-14,한가람미술관
31,전시장,,제33회 중앙미술대전,2011-06-16 ~ 2011-06-29,한가람미술관
32,전시장,,황인혜개인전,2011-06-16 ~ 2011-06-25,한가람미술관
33,전시장,,2011크라운 해태제과와 함께 하는 미술과놀이 - 움직이는 미술전,2011-07-08 ~ 2011-08-24,한가람미술관
34,전시장,,박동국 수채화 개인전,2011-07-16 ~ 2011-07-24,한가람미술관
35,전시장,,자연. 인간,2011-08-18 ~ 2011-08-25,한가람미술관
36,전시장,,선비의 사랑방 풍류,2011-08-20 ~ 2011-08-24,한가람미술관
37,전시장,,손정실 김준영 展,2011-08-26 ~ 2011-09-01,한가람미술관
38,전시장,,2011 대한민국 미술단체 페스티벌,2011-08-31 ~ 2011-09-09,한가람미술관
39,전시장,,클래식음악가 사진전 : 소리빛,2011-09-03 ~ 2011-09-07,한가람미술관
40,전시장,,제26회 아시아 국제미술전람회,2011-09-12 ~ 2011-09-21,한가람미술관
41,전시장,,중요 무형문화재 사기장 백산 김정옥 도자전시,2011-09-16 ~ 2011-09-21,한가람미술관
42,전시장,,명이식 개인전,2011-09-23 ~ 2011-09-29,한가람미술관
43,전시장,,코리아 투모로우,2011-09-25 ~ 2011-10-02,한가람미술관
44,전시장,,한만순 개인전,2011-10-01 ~ 2011-10-06,한가람미술관
45,전시장,,제17회 마니프서울국제아트페어,2011-10-06 ~ 2011-10-18,한가람미술관
46,전시장,,블루,2011-10-08 ~ 2011-10-14,한가람미술관
47,전시장,,손미경 조각전,2011-10-19 ~ 2011-10-23,한가람미술관
48,전시장,,2011 KPAM 대한민국미술제,2011-10-22 ~ 2011-10-30,한가람미술관
49,전시장,,다인다색 정기전,2011-10-26 ~ 2011-10-30,한가람미술관
50,전시장,,"김선민,유성이,유진영,한정현의",2011-11-02 ~ 2011-11-09,한가람미술관
51,전시장,,최해택개인전,2011-11-02 ~ 2011-11-09,한가람미술관
52,전시장,,다차원 회화의 태동-우창훈전,2011-11-02 ~ 2011-11-09,한가람미술관
53,전시장,,이희돈 작품전,2011-11-02 ~ 2011-11-07,한가람미술관
54,전시장,,박남재 회화 60년전,2011-11-02 ~ 2011-11-09,한가람미술관
55,전시장,,KAMA 2011,2011-11-02 ~ 2011-11-09,한가람미술관
56,전시장,,제3회 박영준 서각 개인전,2011-11-09 ~ 2011-11-14,한가람미술관
57,전시장,,함 섭 개인전,2011-11-12 ~ 2011-11-19,한가람미술관
58,전시장,,명장 서광수백자도예전,2011-11-12 ~ 2011-11-19,한가람미술관
59,전시장,,우송 김대희 40년전,2011-11-12 ~ 2011-11-19,한가람미술관
60,전시장,,서울 컨템포러리 아트,2011-11-12 ~ 2011-11-20,한가람미술관
61,전시장,,CONTEMPORARY 10 정기전,2011-11-12 ~ 2011-11-19,한가람미술관
62,전시장,,화정김무호개인전 (그자유로움),2011-11-16 ~ 2011-11-28,한가람미술관
63,전시장,,서경자 The Blue,2011-11-22 ~ 2011-11-30,한가람미술관
64,전시장,,제2회 FIBER ART FAIR,2011-11-22 ~ 2011-11-30,한가람미술관
65,전시장,,세라믹 아트 앤 테크놀로지 2011,2011-11-24 ~ 2011-11-30,한가람미술관
66,전시장,,스키타이 황금문명전,2011-12-01 ~ 2012-02-26,한가람미술관
67,전시장,,에마임 칠보 회원전(한.일교류전),2011-12-02 ~ 2011-12-07,한가람미술관
68,전시장,,세계 열린 미술 축제,2011-12-03 ~ 2011-12-17,한가람미술관
69,전시장,,월드 아트페스티발,2011-12-06 ~ 2011-12-13,한가람미술관
70,전시장,,"정애경, 유미아 서양화전",2011-12-09 ~ 2011-12-15,한가람미술관
71,전시장,,이동렬 개인전,2011-12-21 ~ 2011-12-27,한가람미술관
72,전시장,,해외작가초대전 놀이의 순간,2011-12-22 ~ 2012-02-15,한가람미술관
73,전시장,,매그넘 세계순회사진展-생명의 기적,2011-12-23 ~ 2012-03-04,한가람미술관
74,전시장,,NEXT GENERATION,2011-03-18 ~ 2011-03-26,한가람디자인미술관
75,전시장,,제16회 한국국제퀼트협회전,2011-03-19 ~ 2011-03-27,한가람디자인미술관
76,전시장,,황부용 힐링 그래피즘,2011-03-19 ~ 2011-03-31,한가람디자인미술관
77,전시장,,어린이 미술 아카데미 평가전,2011-03-31 ~ 2011-04-03,한가람디자인미술관
78,전시장,,유인경 개인전,2011-04-01 ~ 2011-04-10,한가람디자인미술관
79,전시장,,장자크 상페 특별전,2011-04-07 ~ 2011-04-18,한가람디자인미술관
80,전시장,,엉클 우드 & 미스 실버,2011-04-14 ~ 2011-04-21,한가람디자인미술관
81,전시장,,디자인 아트 페어 2011,2011-04-22 ~ 2011-05-01,한가람디자인미술관
82,전시장,,월트 디즈니 스튜디오 특별 초대전,2011-05-14 ~ 2011-09-25,한가람디자인미술관
83,전시장,,디자인미술관기획_브루노 무나리,2011-10-09 ~ 2011-10-30,한가람디자인미술관
84,전시장,,제8회 대한민국 조경대전 작품전시회,2011-10-25 ~ 2011-11-02,한가람디자인미술관
85,전시장,,김태영 개인전,2011-11-05 ~ 2011-11-12,한가람디자인미술관
86,전시장,,지역별 패션아트 문화관광 상품전,2011-11-05 ~ 2011-11-12,한가람디자인미술관
87,전시장,,데이비드 라샤펠 한국특별전,2011-11-22 ~ 2012-03-04,한가람디자인미술관
88,전시장,,창암 이삼만 - 물처럼 바람처럼,2010-12-22 ~ 2011-02-27,서울서예박물관
89,전시장,,제22회 대한민국 서법예술대전,2011-03-01 ~ 2011-03-07,서울서예박물관
90,전시장,,"제14회 신사임당,이율곡 서예대전",2011-03-09 ~ 2011-03-15,서울서예박물관
91,전시장,,제8회 서예문화대전,2011-03-17 ~ 2011-03-23,서울서예박물관
92,전시장,,제12회 세종한글서예대전,2011-04-02 ~ 2011-04-08,서울서예박물관
93,전시장,,제44회 한국서예가협회전,2011-04-09 ~ 2011-04-16,서울서예박물관
94,전시장,,2011한국서가협회 회원전,2011-04-18 ~ 2011-04-24,서울서예박물관
95,전시장,,성각스님 선서화 특별 초대전,2011-04-26 ~ 2011-05-01,서울서예박물관
96,전시장,,권창륜·안승일의 山의 靈과 氣,2011-04-30 ~ 2011-05-22,서울서예박물관
97,전시장,,제9회 한국문인화협회전,2011-05-03 ~ 2011-05-08,서울서예박물관
98,전시장,,제12회 산돌한글서회전,2011-05-10 ~ 2011-05-15,서울서예박물관
99,전시장,,제12회 고윤서회전,2011-05-17 ~ 2011-05-22,서울서예박물관
100,전시장,,제23회 대한민국 서예대전,2011-05-24 ~ 2011-05-30,서울서예박물관
101,전시장,,제8회 대한민국서각대전 및 초대작가전,2011-06-01 ~ 2011-06-07,서울서예박물관
102,전시장,,2011년도 제30회 대한민국미술대전 서예부문,2011-06-09 ~ 2011-06-16,서울서예박물관
103,전시장,,2011년도 제30회 대한민국미술대전 문인화부문,2011-06-18 ~ 2011-06-25,서울서예박물관
104,전시장,,제17회 대한민국 서도대전,2011-06-27 ~ 2011-07-03,서울서예박물관
105,전시장,,제8회 한중일 대한민국 동양서예대전,2011-07-05 ~ 2011-07-10,서울서예박물관
106,전시장,,제6회 개인전,2011-07-12 ~ 2011-07-17,서울서예박물관
107,전시장,,임종현 서예전,2011-07-12 ~ 2011-07-17,서울서예박물관
108,전시장,,걸레스님 중광전 - 만행,2011-07-22 ~ 2011-08-21,서울서예박물관
109,전시장,,제16회 서울서예대전,2011-08-22 ~ 2011-08-28,서울서예박물관
110,전시장,,타이포잔치2011: 서울국제타이포그래피비엔날레,2011-08-30 ~ 2011-09-14,서울서예박물관
111,전시장,,제19회 대한민국서예전람회,2011-09-16 ~ 2011-09-22,서울서예박물관
112,전시장,,2011(사)한국서예협회 회원전,2011-09-24 ~ 2011-09-29,서울서예박물관
113,전시장,,아름다운 한글서예전,2011-10-01 ~ 2011-10-06,서울서예박물관
114,전시장,,(사)갈물한글서회전(50회),2011-10-08 ~ 2011-10-13,서울서예박물관
115,전시장,,2011 한국서도대표작가초대전,2011-10-15 ~ 2011-10-20,서울서예박물관
116,전시장,,2011한글서예대축제,2011-10-22 ~ 2011-10-27,서울서예박물관
117,전시장,,오헌 이곤 서예전,2011-10-28 ~ 2011-11-03,서울서예박물관
118,전시장,,제12회 대한민국문인화대전,2011-11-05 ~ 2011-11-17,서울서예박물관
119,전시장,,제29회 한국서각협회 회원전 및 5인 초대전,2011-11-19 ~ 2011-11-25,서울서예박물관
120,전시장,,제20회 대한민국 현대서예문인화대전,2011-11-27 ~ 2011-12-03,서울서예박물관
121,전시장,,2011년(제23기) 서예아카데미 회원전,2011-12-07 ~ 2011-12-18,서울서예박물관
122,전시장,,안녕하세요! 조선천재화가님,2011-12-23 ~ 2012-03-04,서울서예박물관
123,전시장,,한국 서예사 특별전 30-김생1300[1부/筆神],2011-12-24 ~ 2012-03-04,서울서예박물관
124,전시장,,사진전 '현(玄)',2011-03-04 ~ 2011-03-21,
125,전시장,,오감 체험 미술전,2011-03-26 ~ 2011-05-29,
126,전시장,,도곡 정점교 다완전,2011-06-03 ~ 2011-06-10,
127,전시장,,리처드 기어,2011-06-14 ~ 2011-07-24,
128,전시장,,미술과놀이 움직이는 미술전 체험학습,2011-07-08 ~ 2011-08-24,
129,전시장,,세계보도사진전,2011-07-28 ~ 2011-08-28,
130,전시장,,피카소&아인슈타인 3.0,2011-09-05 ~ 2011-10-20,
131,전시장,,MICHEL-HENRY 초대전,2011-11-05 ~ 2011-11-13,
132,전시장,,신 농가월령전(新 農家月令 展),2011-11-16 ~ 2011-11-27,
133,전시장,,"2011""행복"" 전",2011-11-30 ~ 2011-12-07,
134,전시장,,Chocolate The Exhibition_동화나라 초콜릿이야기,2011-12-12 ~ 2012-03-03,
